plz	area	einwohner	Venue	Venue Latitude	Venue Longitude	Venue Category
50667	1269240.2626902272	4795	Kuchi Mami	50.94139	6.9540358	Asian Restaurant
50667	1269240.2626902272	4795	Great Wall Restaurant	50.941593380240086	6.95440290981244	Chinese Restaurant
50667	1269240.2626902272	4795	Daitokai	50.94139982241613	6.951009715823264	Japanese Restaurant
50667	1269240.2626902272	4795	Punto Pasta	50.942301228234776	6.955168412390313	Italian Restaurant
50667	1269240.2626902272	4795	Die Vitamin-Oase	50.942347793982776	6.955118834675627	Juice Bar
50667	1269240.2626902272	4795	Ristorante Sansone Due	50.941441319219535	6.950945139768907	Italian Restaurant
50667	1269240.2626902272	4795	Kamps Backstube	50.94180557590214	6.955951598233101	Bakery
50667	1269240.2626902272	4795	Dom Hotel am Römerbrunnen	50.941488112578334	6.951370961189997	Hotel
50668	1590022.8559983894	11765	Musical Dome	50.942686946865244	6.961928784477189	Performing Arts Venue
50668	1590022.8559983894	11765	Currywurst	50.943376891268265	6.9598349694002195	Currywurst Joint
50668	1590022.8559983894	11765	Gogi Matcha	50.94414438151863	6.960566812902762	Korean Restaurant
50668	1590022.8559983894	11765	Breslauer Platz	50.94372767455963	6.959310037350954	Plaza
50668	1590022.8559983894	11765	Centro Hotel Kommerz	50.94331448429921	6.960320573464229	Hotel
50668	1590022.8559983894	11765	Wyndham Köln	50.94382064459169	6.960280703729014	Hotel
50668	1590022.8559983894	11765	Gruber's Restaurant	50.95327264763906	6.96550381829027	Austrian Restaurant
50668	1590022.8559983894	11765	Theodor-Heuss-Park	50.95015972	6.960968	Park
50668	1590022.8559983894	11765	NADA	50.95316809942958	6.965390260229213	Spanish Restaurant
50668	1590022.8559983894	11765	Mercure Hotel Köln Belfortstraße	50.95238616993152	6.962843847865353	Hotel
50670	1883477.282281904	17303	Le Moissonnier	50.95079626746853	6.9524663016207775	French Restaurant
50670	1883477.282281904	17303	Sudermanbar	50.95129656718302	6.954190135002135	Cocktail Bar
50670	1883477.282281904	17303	Metzger & Marie	50.952435902715706	6.953593009979259	Austrian Restaurant
50670	1883477.282281904	17303	Bar Celentano	50.95024394807704	6.953228947487402	Italian Restaurant
50670	1883477.282281904	17303	Marcellino	50.95137260542476	6.952017545700073	Italian Restaurant
50670	1883477.282281904	17303	salera	50.952148886201215	6.952056540700299	Spanish Restaurant
50670	1883477.282281904	17303	Sudermanplatz	50.95137989156732	6.954785646072203	Plaza
50670	1883477.282281904	17303	menz' Burger	50.950258978643596	6.952816055890186	Burger Joint
50670	1883477.282281904	17303	Diogenis	50.951376679079644	6.954750476379717	Taverna
50670	1883477.282281904	17303	Sant'Angelo	50.95148242650324	6.954105344640071	Italian Restaurant
50670	1883477.282281904	17303	Lokal Alte Feuerwache	50.952122923687185	6.9541871630063685	Beer Garden
50670	1883477.282281904	17303	Dunya Imbiss	50.950211335596634	6.95280309578791	Falafel Restaurant
50670	1883477.282281904	17303	Meister Lampe	50.95232898690951	6.952395737171173	German Restaurant
50670	1883477.282281904	17303	Stern Hagel Bar	50.95381590136966	6.950429677963256	Pub
50670	1883477.282281904	17303	H Krefelder Wall	50.95427069764917	6.95040550620318	Bus Stop
50670	1883477.282281904	17303	Köln Betriebsbahnhof (KKB)	50.95230282710386	6.948562402493367	Train Station
50670	1883477.282281904	17303	Gyrostoteles	50.95047988034883	6.953353977622842	Greek Restaurant
50670	1883477.282281904	17303	Tanzlokal NINA	50.9533527149514	6.948791769820813	Nightclub
50672	1090685.8102230288	9583	Heilandt Kaffeemanufaktur	50.940969207455005	6.9344724293691415	Coffee Shop
50672	1090685.8102230288	9583	Spatz	50.940369	6.934589	Café
50672	1090685.8102230288	9583	Zum scheuen Reh	50.943489094800476	6.933309547330518	Bar
50672	1090685.8102230288	9583	Barracuda Bar	50.94137928708378	6.935090158295475	Bar
50672	1090685.8102230288	9583	Maria Eetcafé	50.943751	6.933205	Pub
50672	1090685.8102230288	9583	FRIEDA Bar	50.940149077986604	6.934068416150191	Bar
50672	1090685.8102230288	9583	Just Fit 20 Classic	50.940691474400694	6.933740322264084	Gym / Fitness Center
50672	1090685.8102230288	9583	Woyton	50.94127507083208	6.935046315696603	Coffee Shop
50672	1090685.8102230288	9583	ALDI SÜD	50.941778976697854	6.9337087869644165	Supermarket
50672	1090685.8102230288	9583	Gottes Grüne Wiese	50.94022196028374	6.9329873588023245	Bar
50672	1090685.8102230288	9583	Stadtgarten	50.94268810938835	6.9353248988601806	German Restaurant
50672	1090685.8102230288	9583	Zimmermann's - Art, Beats, Burger	50.942287	6.935149	Burger Joint
50672	1090685.8102230288	9583	Gewölbe	50.94360188478204	6.933526093578041	Nightclub
50672	1090685.8102230288	9583	30works	50.940163460331505	6.934281351427645	Art Gallery
50672	1090685.8102230288	9583	Alcazar	50.94091364457061	6.934717297554016	Pub
50672	1090685.8102230288	9583	Zum Goldenen Schuss	50.94018927645024	6.9346094353139085	Sports Bar
50672	1090685.8102230288	9583	Studio 672	50.94284083213055	6.934995409005462	Music Venue
50672	1090685.8102230288	9583	Basic Biomarkt	50.94256	6.934639	Organic Grocery
50672	1090685.8102230288	9583	trimmfit	50.941697	6.930283	Outdoor Gym
50672	1090685.8102230288	9583	Nike Court	50.94256261069946	6.930334885641105	Basketball Court
50672	1090685.8102230288	9583	Kaffee - Büdchen Zum Scheuen Reh	50.94354382669876	6.9334483344885305	Café
50672	1090685.8102230288	9583	Residenz	50.94410471018768	6.941983512081294	Indie Movie Theater
50672	1090685.8102230288	9583	Päff Schankwirtschaft	50.94142052747821	6.941475253352442	Bar
50672	1090685.8102230288	9583	Publicis Sapient	50.94368289073243	6.940660696215901	Office
50672	1090685.8102230288	9583	La Bodega	50.94041362518895	6.9432066463462006	Tapas Restaurant
50672	1090685.8102230288	9583	Kompakt	50.94381113632415	6.939437977472633	Record Shop
50672	1090685.8102230288	9583	Lindner Hotel City Plaza	50.94018294656163	6.941959334679716	Hotel
50672	1090685.8102230288	9583	Akira	50.941593808052275	6.941268809795693	Japanese Restaurant
50672	1090685.8102230288	9583	Trattoria Casa Di Modica	50.940273	6.941184	Trattoria/Osteria
50672	1090685.8102230288	9583	NeoNeo Pizza & Antipasti	50.9412673282708	6.941289985466465	Pizza Place
50672	1090685.8102230288	9583	Weingarten	50.94056057585647	6.938464473069481	Clothing Store
50672	1090685.8102230288	9583	Nagoya	50.94226394885338	6.940491678257494	Sushi Restaurant
50672	1090685.8102230288	9583	en Vogue	50.942310653491354	6.940145492309789	Hookah Bar
50672	1090685.8102230288	9583	Banyan	50.94121908870899	6.937737886622108	Café
50672	1090685.8102230288	9583	Diamonds Club	50.94206655949595	6.940897220387184	Nightclub
50672	1090685.8102230288	9583	Romeo Romeo	50.943074846844716	6.9409648971025275	Ice Cream Shop
50672	1090685.8102230288	9583	The Ascot Hotel	50.94212697817911	6.940224429219211	Hotel
50672	1090685.8102230288	9583	Das Werk	50.94215439277951	6.940393099016684	Fast Food Restaurant
50672	1090685.8102230288	9583	Petit Prince	50.94211763509691	6.940790283044734	Bar
50672	1090685.8102230288	9583	Elit	50.942762678391524	6.940619008424115	Italian Restaurant
50672	1090685.8102230288	9583	LOOM Club	50.942250839750685	6.940700408556506	Nightclub
50676	1375390.082141234	14676	Metronom	50.93038298801195	6.943511094785877	Pub
50676	1375390.082141234	14676	Garten Eden	50.92999923408919	6.942605103772321	Diner
50676	1375390.082141234	14676	A Caravela	50.93033568597678	6.943525671958923	Portuguese Restaurant
50676	1375390.082141234	14676	Persisches Restaurant Pinocchio	50.93198896757184	6.942066550254822	Persian Restaurant
50676	1375390.082141234	14676	Haus Töller	50.93019856709914	6.942903457235358	German Restaurant
50676	1375390.082141234	14676	Konditorei/Eiscafe Nobel	50.931958	6.942288	Pastry Shop
50676	1375390.082141234	14676	Sadaf	50.932205343636085	6.942452788352966	Persian Restaurant
50676	1375390.082141234	14676	Kamasutra	50.92967057176314	6.942278026095541	Indian Restaurant
50676	1375390.082141234	14676	EDEKA Schallenberg	50.92978591763365	6.9423201322797174	Supermarket
50676	1375390.082141234	14676	Beim Kölsche Jung	50.93033230497263	6.943182349205017	German Restaurant
50676	1375390.082141234	14676	Hotel im Wasserturm	50.931744619770086	6.951254889618058	Hotel
50676	1375390.082141234	14676	Motel One Köln-Waidmarkt	50.93155665228937	6.954513085563923	Hotel
50676	1375390.082141234	14676	Motel One Lounge	50.931571293709446	6.954437585301617	Lounge
50676	1375390.082141234	14676	AgrippaFit	50.933092019488775	6.9519673214960065	Gym / Fitness Center
50676	1375390.082141234	14676	Brauhaus Reissdorf	50.931181033178234	6.947944073858597	Brewery
50676	1375390.082141234	14676	Adagio Köln City	50.931932502005935	6.955327074271492	Hotel
50676	1375390.082141234	14676	Kaffeeprinzen	50.928886602673046	6.950101490525483	Café
50676	1375390.082141234	14676	Agrippabad	50.93283020959795	6.9525635826592	Water Park
50676	1375390.082141234	14676	Okinii	50.93236132150974	6.955518511371529	Sushi Restaurant
50676	1375390.082141234	14676	Holiday Inn Express	50.930371193674915	6.953661024097073	Hotel
50676	1375390.082141234	14676	Well Being 2	50.93246841430664	6.948875427246094	Vegetarian / Vegan Restaurant
50676	1375390.082141234	14676	Lai Thai 2	50.93237492797299	6.955235634722499	Asian Restaurant
50676	1375390.082141234	14676	U Poststraße	50.929692320659704	6.949881051518582	Metro Station
50676	1375390.082141234	14676	Historische Senfmühle - Kölner Senfmuseum	50.93252685519749	6.9628633933018556	Gourmet Shop
50676	1375390.082141234	14676	Hafenterrasse	50.93252985528996	6.963636303051111	Beer Garden
50676	1375390.082141234	14676	Die Veedels-Bäckerei	50.93279090962784	6.960439271468723	Bakery
50676	1375390.082141234	14676	art'otel cologne	50.931198	6.962886	Hotel
50676	1375390.082141234	14676	La Baia D'oro	50.933141	6.959366	Italian Restaurant
50676	1375390.082141234	14676	Hotel Lyskirchen Köln	50.93348882790638	6.96240162924295	Hotel
50676	1375390.082141234	14676	Chino Latino	50.93149480653344	6.963075945643169	Asian Restaurant
50676	1375390.082141234	14676	Hotel NH Köln Altstadt	50.93065088474129	6.962545877528316	Hotel
50676	1375390.082141234	14676	Ma(h)ler Bock	50.93279583678097	6.962621474517721	Brewery
50676	1375390.082141234	14676	H Schokoladenmuseum	50.93249277230417	6.963173781942468	Bus Stop
50676	1375390.082141234	14676	Matrosen Grill	50.93244323410298	6.963443132005603	Snack Place
50676	1375390.082141234	14676	SilverTours GmbH	50.929143	6.963334	Office
50677	1063340.1292424991	12923	COMEDIA Theater	50.92067819360946	6.955173902138926	Theater
50677	1063340.1292424991	12923	El Allioli	50.92156729363634	6.95497127496777	Spanish Restaurant
50677	1063340.1292424991	12923	Taqueria Especial	50.92024859848184	6.955969536914512	Mexican Restaurant
50677	1063340.1292424991	12923	Cafe Sur	50.920224	6.953691	Café
50677	1063340.1292424991	12923	Theater der Keller	50.92284401277397	6.950670817199182	Theater
50677	1063340.1292424991	12923	Hammond Bar	50.92093062672113	6.954410119950386	Bar
50677	1063340.1292424991	12923	Comedia Wagenhalle	50.92069313844793	6.955119764871215	German Restaurant
50677	1063340.1292424991	12923	Filos	50.92035942320236	6.9556461983826114	Greek Restaurant
50677	1063340.1292424991	12923	Volksmund	50.919512	6.950318	Restaurant
50677	1063340.1292424991	12923	Schmitz & Nittenwilm	50.91995037537624	6.953938430310985	Bakery
50677	1063340.1292424991	12923	Eiscafé van der Put	50.919879	6.953997	Dessert Shop
50677	1063340.1292424991	12923	Getränke Gecgel	50.92017331993528	6.955006336915261	Convenience Store
50677	1063340.1292424991	12923	Kraftpunkt	50.918581614580745	6.950967387375772	Gym
50677	1063340.1292424991	12923	Lidl	50.918245335007384	6.95247620344162	Supermarket
50677	1063340.1292424991	12923	Bom Dia	50.92293700133974	6.952214403453515	Convenience Store
50677	1063340.1292424991	12923	Spielplatz Volksgarten	50.9213941731857	6.948329925746079	Playground
50678	1454248.3181716772	17874	Massimo Rosticceria	50.92018051277618	6.962171032767817	Italian Restaurant
50678	1454248.3181716772	17874	Meister Gerhard no 006	50.920955	6.960062	Tapas Restaurant
50678	1454248.3181716772	17874	Tomatoe's	50.920656287540105	6.9640400708668455	Italian Restaurant
50678	1454248.3181716772	17874	Bagatelle	50.918933629110924	6.962379348309189	French Restaurant
50678	1454248.3181716772	17874	Pizzeria Nennillo	50.92254032467628	6.961883085344604	Pizza Place
50678	1454248.3181716772	17874	Crêperie Bande à Part	50.92242002668908	6.961102048390473	Creperie
50678	1454248.3181716772	17874	sabor 'ermoso	50.91990501637774	6.960388925486524	Café
50678	1454248.3181716772	17874	Veedel Vital	50.92140088653125	6.961175196335288	Salad Place
50678	1454248.3181716772	17874	Mersin Tantuni & Kebap Salonu	50.921092600194015	6.958947384940114	Middle Eastern Restaurant
50678	1454248.3181716772	17874	Geschnitten Brot	50.920358023384665	6.962101395868988	Café
50678	1454248.3181716772	17874	Capricorn [i] Aries	50.92085927433962	6.962161931480785	French Restaurant
50678	1454248.3181716772	17874	Elsa	50.922304576166475	6.961583261616123	Restaurant
50678	1454248.3181716772	17874	Chlodwigplatz	50.92024288557016	6.960553034055758	Plaza
50678	1454248.3181716772	17874	MJ Sushi	50.921627463924175	6.962776174588445	Japanese Restaurant
50678	1454248.3181716772	17874	Speisekammer	50.92103992029014	6.961914929911982	German Restaurant
50678	1454248.3181716772	17874	Café Walter	50.922730747458104	6.962401091264766	Café
50678	1454248.3181716772	17874	Eierplätzchen	50.91897074321758	6.964688301086426	Plaza
50678	1454248.3181716772	17874	Nale	50.91913342729888	6.961809269760705	Bistro
50678	1454248.3181716772	17874	Keimaks	50.920817	6.961587	Bar
50678	1454248.3181716772	17874	dm-drogerie markt	50.92178886500196	6.959823495432374	Drugstore
50678	1454248.3181716772	17874	Eiscafé Forum	50.921546379853346	6.9620405580717515	Ice Cream Shop
50678	1454248.3181716772	17874	Caffé Bar	50.921881	6.963166	Café
50678	1454248.3181716772	17874	Backes	50.91937959444938	6.960888180797993	Bar
50678	1454248.3181716772	17874	Severinstorburg	50.92212252620919	6.959385181889988	Monument / Landmark
50678	1454248.3181716772	17874	Cafe Dialog	50.920463	6.962118	Greek Restaurant
50678	1454248.3181716772	17874	Osman Bey	50.92153186449759	6.959658951862389	Turkish Restaurant
50678	1454248.3181716772	17874	Eiscafé Settebello	50.92211443425769	6.961577734413599	Ice Cream Shop
50678	1454248.3181716772	17874	Mainzer Hof	50.920726072108685	6.9641065379874085	Restaurant
50678	1454248.3181716772	17874	Torburg	50.9218363248289	6.95911841184378	Pub
50678	1454248.3181716772	17874	Ubierschänke	50.92172	6.962069	Pub
50678	1454248.3181716772	17874	Chlodwig Eck	50.922513472641235	6.961644983807895	Bar
50678	1454248.3181716772	17874	Maison Blue	50.922681	6.959826	French Restaurant
50678	1454248.3181716772	17874	La Plata Patata	50.92062551329537	6.961480989728689	Spanish Restaurant
50678	1454248.3181716772	17874	Peperino	50.921019828682226	6.959040409424547	Italian Restaurant
50678	1454248.3181716772	17874	CHi.NOO's	50.92140710097528	6.959510703546548	Asian Restaurant
50678	1454248.3181716772	17874	Haifischclub	50.92274784419315	6.95988257937624	Cocktail Bar
50678	1454248.3181716772	17874	WIPPN'BK	50.92191842921335	6.963592488918821	Restaurant
50678	1454248.3181716772	17874	"FRÜH ""Em Veedel"""	50.92201429076268	6.959672570228577	Rhenisch Restaurant
50678	1454248.3181716772	17874	Bento Box	50.92192515166839	6.963402721198509	Japanese Restaurant
50678	1454248.3181716772	17874	Oxin	50.920583456699084	6.961861606275305	Middle Eastern Restaurant
50678	1454248.3181716772	17874	La Guitarra	50.92071919821404	6.962038866044678	Tapas Restaurant
50678	1454248.3181716772	17874	Terrarium	50.92088969914931	6.963836262185194	Pub
50678	1454248.3181716772	17874	Merzenich	50.92137178063673	6.959924697875976	Bakery
50678	1454248.3181716772	17874	Südgold	50.921058	6.966028	Coffee Shop
50678	1454248.3181716772	17874	Nimet Grill	50.92172244748714	6.95937007539314	Doner Restaurant
50678	1454248.3181716772	17874	Mongogo Cologne	50.92313528060598	6.962762475013732	Mexican Restaurant
50678	1454248.3181716772	17874	Römerpark Caféhaus	50.919041504556276	6.964434139496926	Café
50678	1454248.3181716772	17874	Telekom Shop	50.92170318170441	6.95906102657318	Mobile Phone Shop
50678	1454248.3181716772	17874	Blickwinkel	50.920937774091065	6.9619578952843275	Italian Restaurant
50678	1454248.3181716772	17874	Tsunami Club	50.922573943668446	6.959567964076996	Nightclub
50678	1454248.3181716772	17874	Pizza Grande Fratello	50.9223	6.96153204	Pizza Place
50678	1454248.3181716772	17874	Fiffi Bar	50.92267288992925	6.962296033404526	Bar
50678	1454248.3181716772	17874	Kajtek	50.922419630790515	6.95960475308355	Bar
50678	1454248.3181716772	17874	BackWerk	50.92139340012826	6.959602894119662	Bakery
50678	1454248.3181716772	17874	H+U Chlodwigplatz	50.92125149179686	6.960393419498217	Tram Station
50678	1454248.3181716772	17874	Aller Kolör	50.921183	6.962213	Brasserie
50678	1454248.3181716772	17874	Subway	50.92138917	6.95917778	Sandwich Place
50678	1454248.3181716772	17874	Cafe Kult	50.92110636961956	6.95961949911024	Café
50678	1454248.3181716772	17874	Wienerwald	50.9208674	6.9591252	Fried Chicken Joint
50678	1454248.3181716772	17874	Can Feinkost	50.92224227413246	6.959322602309391	Deli / Bodega
50679	5383886.987444149	15197	Poller Wiesen	50.92112153745005	6.975224018096924	Park
50679	5383886.987444149	15197	Deutzer Werft	50.930159	6.972114	Plaza
50679	5383886.987444149	15197	H Severinsbrücke	50.930875	6.972071	Tram Station
50679	5383886.987444149	15197	Simply Mac	50.932158011458036	6.974902153015137	Electronics Store
50679	5383886.987444149	15197	Bebelplatz	50.92977112546787	6.9747189045152895	Plaza
50679	5383886.987444149	15197	PANORAMA KölnTriangle	50.940346205498585	6.971759139983927	Scenic Lookout
50679	5383886.987444149	15197	Hyatt Regency Cologne	50.94045228502279	6.9691554077887155	Hotel
50679	5383886.987444149	15197	Mongo's	50.940170220743724	6.972355091644143	Mongolian Restaurant
50679	5383886.987444149	15197	Regency Club	50.94045637920903	6.969070814103277	Lounge
50679	5383886.987444149	15197	Glashaus Restaurant	50.94044112160866	6.969174806602777	Restaurant
50679	5383886.987444149	15197	Kaffeesapiens	50.94295487496689	6.971081127780104	Coffee Shop
50679	5383886.987444149	15197	Ottoplatz	50.94012423287158	6.974478948976176	Plaza
50679	5383886.987444149	15197	Deutzer Brauhaus	50.940393	6.973751	Rhenisch Restaurant
50679	5383886.987444149	15197	Grissini	50.940627	6.968677	Italian Restaurant
50679	5383886.987444149	15197	Wiener Feinbäcker Heberer	50.94046515257491	6.974339513723571	Bakery
50679	5383886.987444149	15197	Legends Bar	50.940639981807315	6.9689930574902315	Hotel Bar
50679	5383886.987444149	15197	SUBWAY	50.94048683240217	6.974304881924481	Sandwich Place
50679	5383886.987444149	15197	Begonien Suite	50.94068488177061	6.97063296847579	Hotel
50679	5383886.987444149	15197	Gleis 9/10	50.9412138575632	6.975105951850766	Platform
50679	5383886.987444149	15197	DB Reisezentrum	50.94056885931435	6.9744086265563965	Travel Agency
50679	5383886.987444149	15197	Gleis 12	50.941349553845235	6.974111928307862	Platform
50679	5383886.987444149	15197	Talanx Asset Management	50.943340590012625	6.971168518066405	Insurance Office
50679	5383886.987444149	15197	Gleis 11	50.941261788671	6.974213358557099	Platform
50679	5383886.987444149	15197	Eckert	50.940425	6.97467	Newsstand
50679	5383886.987444149	15197	Früh Bierwagen	50.941862	6.968647	Beer Garden
50679	5383886.987444149	15197	Kennedy-Ufer	50.943367630473816	6.969473361968994	Waterfront
50679	5383886.987444149	15197	Puls Fitness Club & Spa	50.94008473357402	6.969519581776157	Gym / Fitness Center
50679	5383886.987444149	15197	Picassoplatz	50.9443545965443	6.971404552459717	Plaza
50679	5383886.987444149	15197	Lidl	50.92197371143828	6.981779336929321	Supermarket
50679	5383886.987444149	15197	Piratenspielplatz - Deutz	50.931023	6.980683	Playground
50679	5383886.987444149	15197	Deutzer Stadtgarten	50.92909785136709	6.982401984064386	Park
50679	5383886.987444149	15197	design post	50.94213917494354	6.981780150821732	Museum
50679	5383886.987444149	15197	Düx - Kölsche Bierstube	50.94291712576577	6.981961289933058	Comfort Food Restaurant
50679	5383886.987444149	15197	Radisson Blu	50.94395739380813	6.984657703433186	Hotel
50679	5383886.987444149	15197	Dorint an der Messe Köln	50.94278228057757	6.981820332069302	Hotel
50679	5383886.987444149	15197	Gaffel Kölschbar	50.94365910773016	6.979759486128402	BBQ Joint
50679	5383886.987444149	15197	Paparazzi Lounge Bar & Restaurant	50.944006350562745	6.984451926621305	Italian Restaurant
50679	5383886.987444149	15197	Vital Spa	50.94297831947725	6.982156430453792	Spa
50679	5383886.987444149	15197	Pronto	50.943976822418314	6.9844547362253735	Breakfast Spot
50679	5383886.987444149	15197	Bell'Arte	50.94296496824205	6.98203424426268	Restaurant
50679	5383886.987444149	15197	Parfümerie Douglas	50.94177699825206	6.981777324418231	Perfume Shop
50679	5383886.987444149	15197	H Koelnmesse	50.94340245570171	6.982431104280084	Tram Station
50679	5383886.987444149	15197	Radisson Blu Sauna	50.943994	6.984463	Sauna / Steam Room
50679	5383886.987444149	15197	Bahnhof Köln-Deutzerfeld (KKD)	50.94083426344176	6.986333512982955	Train Station
50679	5383886.987444149	15197	Pizzabar	50.94367672896355	6.9798825992694935	Pizza Place
50679	5383886.987444149	15197	Ibis Kitchen	50.943479105806354	6.985825144603995	Breakfast Spot
50733	3056801.1742920447	34574	Einheit 15	50.964992873606526	6.952250164384811	Modern European Restaurant
50733	3056801.1742920447	34574	Merzenich	50.96349921002353	6.953959263994148	Bakery
50733	3056801.1742920447	34574	Kaffeekiosk	50.96334623115443	6.952253580093384	Coffee Shop
50733	3056801.1742920447	34574	Eis Engeln	50.960891007583854	6.95165763042082	Ice Cream Shop
50733	3056801.1742920447	34574	Simitzade	50.964171412760095	6.953817086970968	Breakfast Spot
50733	3056801.1742920447	34574	"FRÜH ""Em Golde Kappes"""	50.96529262395859	6.953417232488758	Brewery
50733	3056801.1742920447	34574	Barfly	50.96426893872246	6.94846732289814	Cocktail Bar
50733	3056801.1742920447	34574	Pizzeria Da Franco	50.96079349460445	6.94979131506846	Italian Restaurant
50733	3056801.1742920447	34574	Cafe Eichhörnchen	50.964442490598614	6.952522243099809	Café
50733	3056801.1742920447	34574	REWE Rahmati	50.96376580008092	6.954060910975817	Supermarket
50733	3056801.1742920447	34574	Galeria Karstadt Kaufhof	50.9632014	6.9545222	Department Store
50733	3056801.1742920447	34574	Wochenmarkt Nippes	50.96295249683453	6.952391992194273	Farmers Market
50733	3056801.1742920447	34574	Bazar Kebab	50.96259650492902	6.951891706919637	Kebab Restaurant
50733	3056801.1742920447	34574	Rosenrot	50.96443441818391	6.951458471832664	Café
50733	3056801.1742920447	34574	dm-drogerie markt	50.96389382687929	6.954111134647519	Drugstore
50733	3056801.1742920447	34574	Pause	50.96472579285753	6.953677307763248	Café
50733	3056801.1742920447	34574	Rossmann	50.961776843112744	6.954630017280579	Drugstore
50733	3056801.1742920447	34574	REWE CIty	50.96128729666941	6.954632539786081	Supermarket
50733	3056801.1742920447	34574	Deutsche Bank Filiale	50.96322195696272	6.953791546023012	Bank
50733	3056801.1742920447	34574	Wilhelmplatz	50.96316522630717	6.952546602799633	Plaza
50733	3056801.1742920447	34574	Dürümcü Ali Baba	50.962717	6.952909	Turkish Restaurant
50733	3056801.1742920447	34574	BackWerk	50.962749	6.95440506	Bakery
50733	3056801.1742920447	34574	Alnatura	50.9643121248541	6.953715845424371	Organic Grocery
50733	3056801.1742920447	34574	Mayersche Buchhandlung	50.96224986123614	6.954520046710967	Bookstore
50733	3056801.1742920447	34574	REWE City	50.96534878448671	6.953590582556778	Supermarket
50733	3056801.1742920447	34574	Somtam Thai Imbiss	50.96192123577377	6.951721453845357	Thai Restaurant
50733	3056801.1742920447	34574	ALDI SÜD	50.96186687418633	6.954310227602667	Supermarket
50733	3056801.1742920447	34574	Mektup Türkü Bar Köln	50.963149961945696	6.94981710635214	Music Venue
50733	3056801.1742920447	34574	Flohmarkt Wilhelmplatz	50.963330010784375	6.95244251880443	Flea Market
50733	3056801.1742920447	34574	Baudriplatz	50.963358364638516	6.948946685977899	Plaza
50733	3056801.1742920447	34574	Ess Paradies	50.964669	6.953706	Doner Restaurant
50733	3056801.1742920447	34574	ALDI SÜD	50.972128965387725	6.953662129333552	Supermarket
50733	3056801.1742920447	34574	Super ŞOK Market	50.972812	6.954389	Supermarket
50733	3056801.1742920447	34574	Newzella	50.97270412738806	6.9512470289215385	Bakery
50733	3056801.1742920447	34574	H Friedrich-Karl-Straße / Neusser Straße	50.97260709733084	6.951315493535835	Bus Stop
50733	3056801.1742920447	34574	Poyraz Grill & Pizzeria	50.973	6.951136	Doner Restaurant
50733	3056801.1742920447	34574	H+U Neusser Straße / Gürtel	50.972353119744774	6.9513636012146724	Tram Station
50733	3056801.1742920447	34574	Just Fit 11 Light	50.96374761	6.95892943	Gym / Fitness Center
50733	3056801.1742920447	34574	Fromanda	50.96071663548238	6.96413976028539	Cantonese Restaurant
50733	3056801.1742920447	34574	Johannes-Giesberts-Park	50.961279896379956	6.963959753388443	Park
50733	3056801.1742920447	34574	Combat Club Cologne	50.962062343913374	6.960383355617523	Martial Arts Dojo
50733	3056801.1742920447	34574	Klee'Snacks	50.96258941770532	6.958862543106079	Café
50735	14419713.403773801	30800	Hotel Fortune	50.996256691401676	6.948899622319931	Hotel
50735	14419713.403773801	30800	H Niehl	50.99620131613006	6.952742339617255	Tram Station
50735	14419713.403773801	30800	Merzenich	50.996923362789225	6.9504159417813804	Bakery
50735	14419713.403773801	30800	platin location	50.996432	6.948842	Lounge
50735	14419713.403773801	30800	Irodion	50.974354037424824	6.96105899532972	Greek Restaurant
50735	14419713.403773801	30800	REWE	50.97521986	6.9647244	Supermarket
50735	14419713.403773801	30800	dm-drogerie markt	50.97450366868066	6.960098594427109	Drugstore
50735	14419713.403773801	30800	OBI	50.97326306443458	6.960860788822174	Hardware Store
50735	14419713.403773801	30800	Fressnapf	50.9746803	6.964090199999999	Pet Store
50735	14419713.403773801	30800	Eiscafé Gioia	50.97452130869815	6.96008563041687	Ice Cream Shop
50735	14419713.403773801	30800	Oebel Bäckerei	50.9745441686161	6.96465749176442	Bakery
50735	14419713.403773801	30800	Bäckerei Kraus	50.9755886784477	6.960139274597168	Bakery
50735	14419713.403773801	30800	SuS Nippes 1912	50.97420479090043	6.958351442414331	Soccer Field
50735	14419713.403773801	30800	Lidl	50.983360146950574	6.962014138698578	Supermarket
50735	14419713.403773801	30800	H Sebastianstraße	50.9849544328557	6.961791213153222	Tram Station
50735	14419713.403773801	30800	Schmitz+Nittenwilm	50.98296567466079	6.960930798736599	Bakery
50735	14419713.403773801	30800	Kreuzung Amsterdamer Straße/Industriestraße	50.98520100710758	6.960802323866945	Intersection
50735	14419713.403773801	30800	Thorsten Jahn Sicherheit	50.994511839397624	6.959224641323089	Locksmith
50735	14419713.403773801	30800	Lokalzeit Garten	50.962955	6.969475	Garden
50735	14419713.403773801	30800	Pinguin-Gehege	50.96251999526553	6.976372283397999	Zoo Exhibit
50735	14419713.403773801	30800	Bisongehege	50.96215356865142	6.974977254867554	Zoo Exhibit
50735	14419713.403773801	30800	Eulenkloster	50.962285630095366	6.975372129704887	Zoo Exhibit
50735	14419713.403773801	30800	Seelöwenfelsen	50.963289891297535	6.9762064995734825	Zoo Exhibit
50735	14419713.403773801	30800	Flohmarkt Riehler Gürtel	50.964832918000894	6.974964406610636	Flea Market
50735	14419713.403773801	30800	H Kinderkrankenhaus	50.96327635919787	6.968426017911686	Tram Station
50735	14419713.403773801	30800	Madagaskarhaus	50.96056105005223	6.973313466135096	Zoo Exhibit
50735	14419713.403773801	30800	Druckzentrum Neven DuMont Haus	50.973697	6.9711	Print Shop
50735	14419713.403773801	30800	RAG interactive	50.974025	6.970165	Business Service
50735	14419713.403773801	30800	Randstad Inhouse Services Köln Nippes	50.974025	6.970165	Business Service
50735	14419713.403773801	30800	Food-Market	50.975178	6.973109	Food Stand
50735	14419713.403773801	30800	Niehler Sandstrand	50.984311153560355	6.972870886845913	Beach
50735	14419713.403773801	30800	A.T.U	50.98447609239118	6.96849689379435	Automotive Shop
50735	14419713.403773801	30800	Jugendherberge Köln-Riehl	50.96314072111528	6.98548885858134	Hostel
50735	14419713.403773801	30800	Schwimmbad Rhein-Sommergarten	50.961294329135946	6.984036160088309	Beer Garden
50735	14419713.403773801	30800	Regenwaldhaus	50.96241372710573	6.979773044586182	Zoo Exhibit
50735	14419713.403773801	30800	Urwaldhaus	50.96324825153656	6.97982132434845	Zoo Exhibit
50735	14419713.403773801	30800	H Boltensternstraße	50.96369836228419	6.980926693887302	Tram Station
50735	14419713.403773801	30800	Reisemobilhafen	50.9627971690712	6.986208462497047	Campground
50735	14419713.403773801	30800	Fussballplatz	50.97351	6.981051	Soccer Field
50735	14419713.403773801	30800	MS Scenic Sapphire	50.97354022777617	6.98333341895755	Moving Target
50735	14419713.403773801	30800	Uniworld River Cruise	50.97226988577854	6.985070356803813	Boat or Ferry
50735	14419713.403773801	30800	ZiggZagg Clea&Shop	50.97150999999999	6.98042	Business Service
50735	14419713.403773801	30800	Rheinufer Köln-Niehl	50.97383223418312	6.995716094970703	Other Great Outdoors
50737	7128099.64895035	18780	Im Pfännchen	50.994183610894645	6.920827027478026	Miscellaneous Shop
50737	7128099.64895035	18780	H Meerfeldstraße	50.995296	6.920162	Tram Station
50737	7128099.64895035	18780	Klosterhof	50.994273848099766	6.9249126542317	Restaurant
50737	7128099.64895035	18780	Schreibwaren & Post Akcelik	50.99514	6.92515	Paper / Office Supplies Store
50737	7128099.64895035	18780	Am Ginsterpfad	50.98605569683909	6.9292843751557225	Lake
50737	7128099.64895035	18780	Adolph's Gasthaus	50.993750245543005	6.933575896338573	German Restaurant
50737	7128099.64895035	18780	H Altonaer Platz	50.993867	6.93339	Tram Station
50737	7128099.64895035	18780	Yuxin Lou	50.9941924756201	6.932163388168325	Chinese Restaurant
50737	7128099.64895035	18780	Adolph's Bäckerei	50.993421	6.934046	Bakery
50737	7128099.64895035	18780	Bäckerei Kraus	50.98431879487035	6.942053761155571	Bakery
50737	7128099.64895035	18780	SPEED YOUR LIFE ® by Adriano Pesce - RACE CAR RENTAL	50.98164114666549	6.941127777099609	Rental Car Location
50737	7128099.64895035	18780	Galopprennbahn Weidenpesch	50.983521004351175	6.952500846132559	Track
50737	7128099.64895035	18780	Gasthaus Rennbahn	50.984018150908284	6.952145642439826	German Restaurant
50737	7128099.64895035	18780	Restaurant Hippodrom	50.98407245544656	6.952618978793437	Restaurant
50737	7128099.64895035	18780	Trödel mit Pferderennbahn	50.984369903296745	6.952157020568847	Flea Market
50739	6785850.17690238	26117	ALDI SÜD	50.98388411307797	6.913606786981732	Supermarket
50739	6785850.17690238	26117	IKEA Fundgrube Am Butzweilerhof	50.98217731684461	6.909934862076092	Furniture / Home Store
50739	6785850.17690238	26117	HDI Versicherungen: Karl Josef Schneider	50.99588345601868	6.913565397262573	Insurance Office
50739	6785850.17690238	26117	H Longerich Friedhof	50.99653181215646	6.90906909459642	Tram Station
50739	6785850.17690238	26117	Bluecherpark	50.97427553094276	6.919914276217141	Dog Run
50739	6785850.17690238	26117	S-Bahn Werk Köln Nippes	50.983507	6.923535	Train Station
50739	6785850.17690238	26117	Albrecht Kamera-Service	50.98205	6.920001	Camera Store
50739	6785850.17690238	26117	Kahnstation Blücherpark	50.962436	6.927485	Beer Garden
50739	6785850.17690238	26117	H Escher Straße	50.9645864063648	6.933724221504309	Tram Station
50739	6785850.17690238	26117	Packstation 105	50.963858298355134	6.934671953801283	Shipping Store
50739	6785850.17690238	26117	Blücher Spielplatz	50.963754	6.928025	Playground
50739	6785850.17690238	26117	Ebru Sanatı Kursumda	50.974336163872124	6.9309233987457555	Art Gallery
50739	6785850.17690238	26117	Abstellanlage Köln-Nippes	50.974392253046204	6.932876666310113	Train Station
50739	6785850.17690238	26117	PENNY	50.97395377	6.93289559	Supermarket
50739	6785850.17690238	26117	Bäckerei Hardt	50.974066	6.932479	Bakery
50739	6785850.17690238	26117	Siegfriedhof	50.974435	6.939667	Bar
50765	16600705.608248629	30471	Bank am Höf'le	50.994098	6.849556	Park
50765	16600705.608248629	30471	Rastplatz Esch	51.02683263201988	6.849542110539799	Rest Area
50765	16600705.608248629	30471	Rastplatz Weiler	51.02500118344604	6.851361766821086	Rest Area
50765	16600705.608248629	30471	EDEKA	51.01483327073706	6.859081770687868	Supermarket
50765	16600705.608248629	30471	Goebels	51.01548805362659	6.857927652277381	German Restaurant
50765	16600705.608248629	30471	EDEKA Kausemann	51.01464181	6.85892296	Supermarket
50765	16600705.608248629	30471	Miró	51.015355219713065	6.858135487704356	Café
50765	16600705.608248629	30471	Gut Dresenhof	51.025132	6.88158	Farm
50765	16600705.608248629	30471	S Köln-Blumenberg	51.03751761691446	6.883766367617575	Light Rail Station
50765	16600705.608248629	30471	Simultanhalle	51.01671	6.890607	Exhibit
50765	16600705.608248629	30471	ALDI SÜD	51.01422494787866	6.892666403395848	Supermarket
50765	16600705.608248629	30471	Fix und Fertig , Haushaltsnahe Dienstleistungen	51.014713	6.887249	Miscellaneous Shop
50765	16600705.608248629	30471	Lidl	51.02523645776217	6.889133155345917	Supermarket
50765	16600705.608248629	30471	TK Maxx	51.02899336706135	6.892107725143433	Clothing Store
50765	16600705.608248629	30471	LEDO	51.02839474070131	6.890961030667183	Supermarket
50765	16600705.608248629	30471	SimiDim	51.02702317540206	6.893949293373494	Bakery
50765	16600705.608248629	30471	Pizza Da Michele	51.0288996875149	6.892055594759079	Pizza Place
50765	16600705.608248629	30471	S Köln-Chorweiler Nord	51.037713300198966	6.888621611935011	Light Rail Station
50765	16600705.608248629	30471	Skatepark Blumenberg	51.03658336627181	6.89006940357958	Skate Park
50765	16600705.608248629	30471	Langenbergstr.94, 50765 Köln	51.03591	6.890389	Vacation Rental
50765	16600705.608248629	30471	AirBnB.	51.03591	6.890389	Vacation Rental
50767	5875610.349896012	16821	EDEKA	50.99632948064967	6.872835018174688	Supermarket
50767	5875610.349896012	16821	Fitness Studio Pesch - Tanz Werkstatt	50.99660316579628	6.872179399731914	Gym
50767	5875610.349896012	16821	EDEKA Melanie Brück	50.99646982	6.87283997	Supermarket
50767	5875610.349896012	16821	Easy Cologne	51.00662999999999	6.869450000000029	Electronics Store
50767	5875610.349896012	16821	Donatus Autoglas	51.00545120239258	6.870166301727295	Auto Garage
50767	5875610.349896012	16821	Claessen Floristenbedarf	51.0044907181614	6.892978563981196	Flower Shop
50767	5875610.349896012	16821	Simon Mader	51.00649122457492	6.887580156326293	Business Service
50767	5875610.349896012	16821	Adana Kebap	51.016193635593645	6.898370289484316	Turkish Restaurant
50767	5875610.349896012	16821	Pariser Platz	51.01464997062744	6.898006923361252	Plaza
50769	44269277.360665016	31663	Kölner Pferdesportverein e.V.	51.046403	6.839394	Stables
50769	44269277.360665016	31663	C & A	51.059473639699895	6.840031187802502	Clothing Store
50769	44269277.360665016	31663	Stammplatz 57	51.035999708382334	6.847871571511509	Trail
50769	44269277.360665016	31663	EDEKA	51.047079244496885	6.847383178105124	Supermarket
50769	44269277.360665016	31663	Mykonos Grill +Pizzeria	51.046364	6.8504615	BBQ Joint
50769	44269277.360665016	31663	Hotel Haus Odendahl	51.050442150932035	6.848844309742502	Bed & Breakfast
50769	44269277.360665016	31663	Worringer Bruch	51.047504	6.855537	Nature Preserve
50769	44269277.360665016	31663	Sportplatz Worringen	51.058911	6.861258	Soccer Field
50769	44269277.360665016	31663	Netto Filiale	51.06024	6.86099	Supermarket
50769	44269277.360665016	31663	Sportpark Erdweg	51.06000485543491	6.861949335056643	Basketball Court
50769	44269277.360665016	31663	Musik & Karaoke Entertainment Köln	51.0602126	6.856945900000028	Karaoke Bar
50769	44269277.360665016	31663	ALDI SÜD	51.07078994122916	6.858918200899219	Supermarket
50769	44269277.360665016	31663	PENNY	51.07049157	6.86010338	Supermarket
50769	44269277.360665016	31663	Seeberger Pflanzenhof	51.01415230184751	6.9119383289872545	Garden Center
50769	44269277.360665016	31663	Julia's Restaurant & Biergarten	51.025402	6.910332	Restaurant
50769	44269277.360665016	31663	H Chorweiler Merianstraße	51.027706	6.912404	Bus Stop
50769	44269277.360665016	31663	SV Fühlingen-Chorweiler	51.03741655029391	6.910201904554062	Soccer Field
50769	44269277.360665016	31663	The British Shop	51.015352444982625	6.9230479092633646	Boutique
50769	44269277.360665016	31663	Olli's Casino	51.018303	6.9209986	German Restaurant
50769	44269277.360665016	31663	Grünauer Stadtforst	51.027617	6.920287	Trail
50769	44269277.360665016	31663	Fühlinger See	51.02676658734674	6.921730041503906	Lake
50769	44269277.360665016	31663	Cineplex Dormagen	51.048363	6.921605	Movie Theater
50769	44269277.360665016	31663	SpVg Rheinkassel-Langel	51.04718123142011	6.918449190404178	Sports Club
50769	44269277.360665016	31663	Strand am Rhein	51.04842142048364	6.924218265832973	Beach
50769	44269277.360665016	31663	H Rheinkassel	51.03932962211069	6.933231353759766	Bus Stop
50769	44269277.360665016	31663	Camping Köln Kasselberg	51.039390563964844	6.944019794464111	Campground
50769	44269277.360665016	31663	Atelierhaus Merkenich	51.024687	6.951305	Art Gallery
50769	44269277.360665016	31663	H Merkenich-Mitte	51.02436837330447	6.953207249288478	Tram Station
50769	44269277.360665016	31663	Austria	51.015138	6.965197	Harbor / Marina
50769	44269277.360665016	31663	Ölhafen	51.015192	6.965347	Port
50769	44269277.360665016	31663	Bäckerei Schneider	51.025263	6.959114	Bakery
50769	44269277.360665016	31663	Eiscafé Dolomiti	51.02539588552844	6.958853057683921	Ice Cream Shop
50769	44269277.360665016	31663	Bäckerei Kraus	51.024817	6.959261	Bakery
50823	2486071.359173135	29057	Hotel Imperial	50.94304518023969	6.92242330081254	Hotel
50823	2486071.359173135	29057	Kaffeebud Ehrenfeld	50.95165099572768	6.922659943836585	Café
50823	2486071.359173135	29057	ARTheater	50.95307194791581	6.918930789617311	Nightclub
50823	2486071.359173135	29057	Eisfeld	50.95153772474993	6.91910966556668	Ice Cream Shop
50823	2486071.359173135	29057	Goldmund Literaturcafe	50.951201	6.919985	Café
50823	2486071.359173135	29057	"""L"""	50.952229	6.920724	Bar
50823	2486071.359173135	29057	Balloni	50.95096327989202	6.917756166253071	Gift Shop
50823	2486071.359173135	29057	Karadağ Supermarkt	50.95355930355343	6.920990778078105	Supermarket
50823	2486071.359173135	29057	Fräulein Frida	50.952721	6.922757	Café
50823	2486071.359173135	29057	Theaterhaus	50.950205127815295	6.921365069457604	Theater
50823	2486071.359173135	29057	CityLeaks -> Lake	50.95461764503237	6.930479294603728	Street Art
50823	2486071.359173135	29057	Tunnel Herkulesstr.	50.954674	6.930809	Tunnel
50825	3577971.008773936	25907	JackWho	50.951289975825276	6.902898079868915	Nightclub
50825	3577971.008773936	25907	Street Food Festival	50.951110899811404	6.902541446666654	Street Food Gathering
50825	3577971.008773936	25907	Hotel Regina	50.952009489908434	6.901707571604159	Hotel
50825	3577971.008773936	25907	Tuna Restaurant	50.95243236754091	6.901243025227141	Turkish Restaurant
50825	3577971.008773936	25907	Nachtkonsum - Nachtflohmarkt Köln	50.95141975038276	6.902414594544225	Flea Market
50825	3577971.008773936	25907	Tanzstudio Nett & Friends	50.952431	6.901117	Dance Studio
50825	3577971.008773936	25907	Lopes	50.941567	6.909226	Mediterranean Restaurant
50825	3577971.008773936	25907	H Oskar-Jäger-Str./Gürtel	50.94041823338469	6.910229360134676	Tram Station
50825	3577971.008773936	25907	Buchbinder Autovermietung	50.94296813521474	6.9078992913973165	Rental Car Location
50825	3577971.008773936	25907	Café Rotkehlchen	50.95254965224332	6.913095553372475	Café
50825	3577971.008773936	25907	Cinenova	50.9514295655316	6.911562342260165	Indie Movie Theater
50825	3577971.008773936	25907	Die Eisdielerin	50.95259184078867	6.912999091735085	Ice Cream Shop
50825	3577971.008773936	25907	Falafel König	50.95230318364354	6.9134287986581615	Falafel Restaurant
50825	3577971.008773936	25907	Café Fridolin	50.952207088794964	6.913157036742483	Café
50825	3577971.008773936	25907	Braustelle	50.953823	6.910684	Brewery
50825	3577971.008773936	25907	Piccola	50.952924	6.9128	Italian Restaurant
50825	3577971.008773936	25907	Em Drügge Pitter	50.9529857811044	6.912538481324314	Bar
50825	3577971.008773936	25907	BAR ZWEI	50.953847	6.910982	Bar
50825	3577971.008773936	25907	Libanon	50.953876534281015	6.911058526588286	Lebanese Restaurant
50825	3577971.008773936	25907	Lidl	50.95112488927563	6.908481538230262	Supermarket
50825	3577971.008773936	25907	Madame Tartine	50.953489	6.91185	Café
50825	3577971.008773936	25907	Design Quartier Ehrenfeld (dqe)	50.950296306323885	6.913282419866189	Art Gallery
50825	3577971.008773936	25907	Murat Döner	50.95430754917491	6.910269399511749	Doner Restaurant
50825	3577971.008773936	25907	Herbrand's	50.951221636607556	6.9102124219980015	Bistro
50825	3577971.008773936	25907	McFIT	50.9517149	6.9115151	Gym / Fitness Center
50825	3577971.008773936	25907	Aloha Poke	50.95208	6.9140196	Poke Place
50825	3577971.008773936	25907	Cubana Bar	50.952021	6.914144	Bar
50825	3577971.008773936	25907	MeiWok	50.952162132170095	6.91370134088668	Vegetarian / Vegan Restaurant
50825	3577971.008773936	25907	Bunte Burger	50.954276447407786	6.9096318038236415	Burger Joint
50825	3577971.008773936	25907	Ehrenfelder Brauhaus	50.95189934209481	6.91405918036989	Brewery
50825	3577971.008773936	25907	Pizzeria Trattoria Toscana	50.95373139934763	6.911389397804738	Trattoria/Osteria
50825	3577971.008773936	25907	Sushi Köln	50.95409	6.9098	Sushi Restaurant
50825	3577971.008773936	25907	Pizza Mia	50.95408092816989	6.9107480080123285	Pizza Place
50825	3577971.008773936	25907	Netto Marken-Discount	50.95026704	6.9126212	Supermarket
50825	3577971.008773936	25907	U Leyendeckerstraße	50.95440119544045	6.910008870708053	Metro Station
50825	3577971.008773936	25907	Apartment Köln Ehrenfeld	50.95500708829122	6.910802721977233	Hotel
50825	3577971.008773936	25907	Cologne Summertunes	50.963045	6.922129	Concert Hall
50827	5677254.606114954	27209	Trinkgut	50.96420533549374	6.887798473834207	Liquor Store
50827	5677254.606114954	27209	Ralph Herrig Metallbau	50.9754601	6.8919126	Home Service
50827	5677254.606114954	27209	Pneuhage Reifendienste Süd	50.97602856	6.89203768	Automotive Shop
50827	5677254.606114954	27209	Begegnungscafé St. Mocca	50.96394086164419	6.899757385253906	Café
50827	5677254.606114954	27209	Speisemanufaktur Sobolta	50.96169236793367	6.900905307626136	Snack Place
50827	5677254.606114954	27209	Feltenstraße Park	50.962608386073924	6.897390396700374	Park
50827	5677254.606114954	27209	Jussi	50.962271701669486	6.9045901632332995	Restaurant
50827	5677254.606114954	27209	Ossendorfbad	50.96407170352778	6.909999400385722	Water Park
50827	5677254.606114954	27209	RochusFit	50.964584426810205	6.911563848764692	Gym / Fitness Center
50827	5677254.606114954	27209	PM53	50.97254131600742	6.912200727909745	Dive Bar
50827	5677254.606114954	27209	Hundepark	50.973300853730635	6.914019575800772	Dog Run
50827	5677254.606114954	27209	Franzika-Anneke-Str.	50.97232976803493	6.9137945977621404	Bus Stop
50829	13847470.144134445	18994	Aussichtsplattform Bocklemünd Belvedere 1	50.96538891496717	6.861029795175236	Scenic Lookout
50829	13847470.144134445	18994	Altes Poststadion	50.9715761220114	6.860773326765303	German Restaurant
50829	13847470.144134445	18994	Restaurant Adria	50.97386686035939	6.863760814270557	Eastern European Restaurant
50829	13847470.144134445	18994	Nüssenberger Forst	50.98420937773426	6.86347444518993	Park
50829	13847470.144134445	18994	Martin BERG	50.96248	6.8700699999999415	Lawyer
50829	13847470.144134445	18994	Dinger's Palmencafé	50.965098	6.869551	Café
50829	13847470.144134445	18994	Schaffrathsgasse	50.97229785	6.86805122	Playground
50829	13847470.144134445	18994	Imbissstube bei Dimi	50.973074	6.866275	Snack Place
50829	13847470.144134445	18994	Weinhaus Büttgenhof	50.972884	6.866037	Wine Shop
50829	13847470.144134445	18994	Buschweg Strasse	50.98342640181201	6.867120106488798	Park
50829	13847470.144134445	18994	Eiscafe campo	50.982047236724675	6.868141980601731	Ice Cream Shop
50829	13847470.144134445	18994	Move Artistic Dome	50.950647	6.87932	Athletics & Sports
50829	13847470.144134445	18994	Lottoannahme Kraus	50.9545047873936	6.879182560679833	Paper / Office Supplies Store
50829	13847470.144134445	18994	FRÖBEL-Kindergarten Wolke 7	50.95450624150694	6.881184457672134	Child Care Service
50829	13847470.144134445	18994	Salatkind	50.98643908261351	6.881258892320393	Salad Place
50829	13847470.144134445	18994	ALDI SÜD	50.98313414975123	6.8870837616386185	Supermarket
50829	13847470.144134445	18994	H Sparkasse Am Butzweilerhof	50.984848285450646	6.8880535897840485	Tram Station
50829	13847470.144134445	18994	Fresh & Flavour	50.98641	6.890054	German Restaurant
50829	13847470.144134445	18994	Ak Fotografie & Video	50.98579609999999	6.8876988	Photography Studio
50829	13847470.144134445	18994	Hot-Dog Station IKEA	50.98476520822281	6.897592676351346	Hot Dog Joint
50829	13847470.144134445	18994	IKEA	50.98451472339145	6.897775605293332	Furniture / Home Store
50829	13847470.144134445	18994	IKEA Restaurant	50.98445749420356	6.897691315092713	Scandinavian Restaurant
50829	13847470.144134445	18994	BabyOne	50.98399166937851	6.898641586303711	Baby Store
50829	13847470.144134445	18994	istikbal	50.983995411059745	6.8996272310338345	Furniture / Home Store
50829	13847470.144134445	18994	Poco Einrichtungshaus	50.98355939826991	6.899456977844237	Furniture / Home Store
50829	13847470.144134445	18994	Dänisches Bettenlager	50.984259330559745	6.899172672198649	Furniture / Home Store
50858	9121896.642158555	23454	osteria centovini	50.94159866358956	6.83668683634233	Trattoria/Osteria
50858	9121896.642158555	23454	Wildlachs Räucherei Bremer	50.918949081293725	6.849246485521193	Seafood Restaurant
50858	9121896.642158555	23454	Globus	50.9218715	6.85281539	Big Box Store
50858	9121896.642158555	23454	ALDI SÜD	50.91833183764809	6.849595428640203	Supermarket
50858	9121896.642158555	23454	Kentucky Fried Chicken	50.91954599915964	6.851815705025848	Fried Chicken Joint
50858	9121896.642158555	23454	MediaMarkt	50.9192827	6.847596	Electronics Store
50858	9121896.642158555	23454	Restaurant Filoxenia	50.91915626879959	6.850436655218683	Greek Restaurant
50858	9121896.642158555	23454	Dassbach Küchen Werksverkauf	50.92032345559369	6.847701072692871	Furniture / Home Store
50858	9121896.642158555	23454	clever fit	50.922326925087724	6.847455220471221	Gym
50858	9121896.642158555	23454	Rochus Apotheke	50.922321423740804	6.852506465580014	Pharmacy
50858	9121896.642158555	23454	Garten Müller	50.93172076065313	6.846958285855179	Garden
50858	9121896.642158555	23454	EDEKA Daub	50.93099451114435	6.853421654410961	Supermarket
50858	9121896.642158555	23454	Beller Hof	50.90947130123378	6.862198419020577	Farmers Market
50858	9121896.642158555	23454	E center Engels	50.919509994705585	6.858323522125186	Supermarket
50858	9121896.642158555	23454	dm-drogerie markt	50.920036	6.859305	Drugstore
50858	9121896.642158555	23454	Die Backmanufaktur	50.919703049287705	6.858142408416881	Bakery
50858	9121896.642158555	23454	Tarz Lounge	50.91884643041185	6.856770308443607	Concert Hall
50858	9121896.642158555	23454	Lidl	50.91989848252062	6.858206457691267	Supermarket
50858	9121896.642158555	23454	Mercure Hotel Köln West	50.91968604448343	6.855951313334379	Hotel
50858	9121896.642158555	23454	Siemes Schuh Center	50.91972826699312	6.858644485473633	Shoe Store
50858	9121896.642158555	23454	Fressnapf	50.919644428177385	6.858982176522506	Pet Store
50858	9121896.642158555	23454	tedox	50.91966584793055	6.859078962508486	Arts & Crafts Store
50858	9121896.642158555	23454	ROLLER	50.921733664934166	6.856072753308365	Furniture / Home Store
50858	9121896.642158555	23454	Keiserlich	50.93241904101056	6.857880670218932	Ice Cream Shop
50858	9121896.642158555	23454	Birkenhof	50.932115270041486	6.862454798418203	German Restaurant
50858	9121896.642158555	23454	Bäckerei Kraus	50.93346015373068	6.859720492985347	Bakery
50858	9121896.642158555	23454	REWE City	50.93206886	6.85639625	Supermarket
50858	9121896.642158555	23454	Café Zimmermann	50.932550190907854	6.858386993408203	Dessert Shop
50858	9121896.642158555	23454	Erdbeerfeld zum Selberpflücken	50.910734	6.869773	Food
50858	9121896.642158555	23454	Geliebte Möbel	50.92179666328058	6.8680446616614335	Furniture / Home Store
50858	9121896.642158555	23454	Rewe to Go	50.923183	6.8694754	Food & Drink Shop
50859	9859784.990261791	22027	H Weiden West	50.94034519526041	6.815853573769863	Tram Station
50859	9859784.990261791	22027	S Köln-Weiden West	50.94083845338714	6.81510121948052	Light Rail Station
50859	9859784.990261791	22027	Jogging Track Lövenich	50.95221026012979	6.819573655040125	Track
50859	9859784.990261791	22027	Früh im Höfchen	50.94420587697032	6.828534007072449	Gastropub
50859	9859784.990261791	22027	Höfchen	50.944209694862366	6.828464	German Restaurant
50859	9859784.990261791	22027	Keuchhof	50.94426052553959	6.827911966803509	Hostel
50859	9859784.990261791	22027	Haltestelle An der Ronne	50.951162435972904	6.828768561051152	Bus Stop
50859	9859784.990261791	22027	Jogging	50.950631	6.826616	Gym
50859	9859784.990261791	22027	Pizzeria Arcobaleno	50.96457847583311	6.830746416289254	Italian Restaurant
50859	9859784.990261791	22027	Abtei Brauweiler	50.960890123390946	6.8279890524409605	Historic Site
50859	9859784.990261791	22027	L‘Osteria	50.952247	6.840086	Trattoria/Osteria
50859	9859784.990261791	22027	Silly Billy	50.94997350672593	6.840308683646731	Indoor Play Area
50859	9859784.990261791	22027	"Spielplatz ""Am Aspelkreuz/Englischer Garten"""	50.96119180987939	6.841040466337074	Playground
50859	9859784.990261791	22027	LöWi Arena	50.96523398787944	6.837816582809116	Soccer Field
50931	2452980.942801124	15618	Rautenstrauchkanal	50.933178514001675	6.911028613757447	Park
50931	2452980.942801124	15618	Haus Schwan	50.92889045401285	6.911406517885162	German Restaurant
50931	2452980.942801124	15618	bratwurstmanufaktur	50.92930945764954	6.912634447246021	Snack Place
50931	2452980.942801124	15618	Osteria Toscana	50.92899121383113	6.9118771272192046	Trattoria/Osteria
50931	2452980.942801124	15618	Culinarius	50.930158900759864	6.914395223277203	Italian Restaurant
50931	2452980.942801124	15618	EDEKA Zickuhr	50.93004395	6.91386635	Supermarket
50931	2452980.942801124	15618	Sion im Schäfers	50.92930510585354	6.912691289347388	Café
50931	2452980.942801124	15618	H Wüllnerstraße	50.93146800116404	6.90805438099296	Tram Station
50931	2452980.942801124	15618	Eiscafé Sagittario	50.929658	6.913233	Café
50931	2452980.942801124	15618	L'apero	50.928788769032494	6.911248562393883	French Restaurant
50931	2452980.942801124	15618	H Theresienstraße	50.92934245033366	6.913628498378333	Bus Stop
50931	2452980.942801124	15618	Ristorante Faro	50.9321460041363	6.920478035970442	Italian Restaurant
50931	2452980.942801124	15618	Hans im Glück - Burgergrill	50.93137866801634	6.918425266218069	Burger Joint
50931	2452980.942801124	15618	Cafe Hinz&Kunz	50.931282758276296	6.918428208399642	Café
50931	2452980.942801124	15618	fairytale frozen yogurt	50.93188652070382	6.919627113130383	Frozen Yogurt Shop
50931	2452980.942801124	15618	Tapeo Picus	50.930446419872865	6.921194533156893	Tapas Restaurant
50931	2452980.942801124	15618	Il Belluno	50.930533	6.920828	Italian Restaurant
50931	2452980.942801124	15618	Schmitz Eis	50.93327639034038	6.923304498195648	Ice Cream Shop
50931	2452980.942801124	15618	Merlê Brot- und Teegenuss	50.93201621841365	6.920024464434847	Bakery
50931	2452980.942801124	15618	Nikko	50.93247882900205	6.9209216372645805	Japanese Restaurant
50931	2452980.942801124	15618	Piccola	50.93146556694479	6.917751149288061	Italian Restaurant
50931	2452980.942801124	15618	Kölner Kaffeemanufaktur	50.93178273319865	6.918784976005554	Coffee Shop
50931	2452980.942801124	15618	Köln 41	50.931148	6.91907999	Fast Food Restaurant
50931	2452980.942801124	15618	ALDI SÜD	50.93276656436112	6.9236451387405396	Supermarket
50931	2452980.942801124	15618	Dürener Döner	50.93143769677521	6.918408663989316	Doner Restaurant
50931	2452980.942801124	15618	REWE Rahmati	50.93117638300827	6.917529769530248	Supermarket
50931	2452980.942801124	15618	Cafe Cottas	50.93256521648439	6.921373598457695	Café
50931	2452980.942801124	15618	Pizza Prego Foodservice	50.93255391086873	6.921288503636112	Fast Food Restaurant
50931	2452980.942801124	15618	H Hildegardis-Krankenhaus	50.93052262090081	6.923324160231546	Bus Stop
50931	2452980.942801124	15618	Karl-Schwering-Platz	50.931684687028365	6.917932033538818	Plaza
50931	2452980.942801124	15618	Pizza Werk	50.931237	6.917655	Pizza Place
50933	7277724.523597717	17885	Hundewiese Nordfeld	50.94319747923243	6.863074810251801	Park
50933	7277724.523597717	17885	Chinarestaurant Mandarin	50.95119191136788	6.856389313032074	Asian Restaurant
50933	7277724.523597717	17885	Playa in Cologne	50.932407485602546	6.872973452511406	Athletics & Sports
50933	7277724.523597717	17885	Gästehaus DSHS	50.93074400151505	6.869180636179699	Hostel
50933	7277724.523597717	17885	Playa Hütt'n Zauber	50.932521	6.872883	Lounge
50933	7277724.523597717	17885	Westkampfbahn	50.933458903270896	6.872011053605798	Soccer Field
50933	7277724.523597717	17885	Circlewood Stadium	50.940251777153186	6.8711694717105845	Baseball Stadium
50933	7277724.523597717	17885	Club Astoria	50.931004003441444	6.877594585138512	Gastropub
50933	7277724.523597717	17885	Express Loge Rhein Energie Stadion	50.930717553205554	6.877326358498213	Soccer Stadium
50933	7277724.523597717	17885	"Jan's Restaurant in der ""Remise"""	50.93979580891563	6.8795507893012235	German Restaurant
50933	7277724.523597717	17885	Relax Kosmetikstudio	50.94090764181047	6.87944038958503	Cosmetics Shop
50933	7277724.523597717	17885	Landgasthaus Sankt Wendelin	50.941503	6.879194	Restaurant
50933	7277724.523597717	17885	Pennycakes	50.94066370259736	6.879707606767634	Café
50933	7277724.523597717	17885	Da Pippo	50.94061207277467	6.879078462813556	Pizza Place
50933	7277724.523597717	17885	Vini Diretti	50.93996414642543	6.879143514821627	Italian Restaurant
50933	7277724.523597717	17885	Stadtwaldrampe	50.933211	6.890544	Skate Park
50933	7277724.523597717	17885	Dreizehn-Linden-Platz	50.932873990867336	6.8883057180076745	Scenic Lookout
50933	7277724.523597717	17885	all you can train	50.932703	6.887888	Plaza
50933	7277724.523597717	17885	ALDI SÜD	50.94083164222036	6.892656668457985	Supermarket
50933	7277724.523597717	17885	Ezgi Center	50.941992000043854	6.8918882308355505	Bridal Shop
50933	7277724.523597717	17885	Cilentano	50.940684	6.888902	Italian Restaurant
50933	7277724.523597717	17885	Bäckerei Mauel	50.94049403001215	6.8899891452354005	Bakery
50933	7277724.523597717	17885	Brauns	50.94089014413429	6.899364848234116	Restaurant
50933	7277724.523597717	17885	Lava	50.941569	6.898773	Doner Restaurant
50935	5437589.050635102	16908	H Stüttgenhof	50.92020138000467	6.877129027582735	Tram Station
50935	5437589.050635102	16908	Decksteiner Tennis-Club	50.92081042242223	6.889951229095459	Tennis Court
50935	5437589.050635102	16908	Deckstein	50.919652602269636	6.887909729999652	Park
50935	5437589.050635102	16908	Decksteiner Tennis-Club	50.91905847031276	6.888392440772819	Tennis Court
50935	5437589.050635102	16908	Minigolfplatz Lindenthal	50.91879232242549	6.888745373514755	Mini Golf
50935	5437589.050635102	16908	Bootsverleih Haus am See	50.91859749561012	6.888382187701862	Boat Rental
50935	5437589.050635102	16908	Novotergum	50.91966	6.904404	Gym
50935	5437589.050635102	16908	Ponyreiten am Wildpark	50.92943971127503	6.900057792663574	Park
50935	5437589.050635102	16908	Spielplatz im Stadtwald	50.93138381303666	6.898317301521544	Playground
50935	5437589.050635102	16908	Kahnweiher	50.929757530691624	6.903018951416016	Lake
50935	5437589.050635102	16908	Markt im Stadtwald	50.933455	6.900762	Market
50935	5437589.050635102	16908	Osteria Pane e Vino	50.91965158895548	6.910311054672905	Trattoria/Osteria
50935	5437589.050635102	16908	H Mommsenstraße	50.919314066636474	6.9104679725985525	Tram Station
50935	5437589.050635102	16908	H Zülpicher Str. / Gürtel	50.92023647861088	6.914310630366915	Tram Station
50935	5437589.050635102	16908	H Krieler Straße	50.921358505295494	6.90704264369798	Bus Stop
50937	3961525.6648968537	26042	Schiessanlage Decksteiner Weiher	50.909437	6.902803	Gun Range
50937	3961525.6648968537	26042	Pilzberg	50.910225199667714	6.914455004465847	Mountain
50937	3961525.6648968537	26042	H Klettenbergpark	50.90805592521947	6.91944585330156	Tram Station
50937	3961525.6648968537	26042	Wo ist Tom?	50.921551	6.92049	Café
50937	3961525.6648968537	26042	Palanta	50.920204511407924	6.9204535824609055	Restaurant
50937	3961525.6648968537	26042	Balthasar	50.91936427202063	6.91940824701033	Modern European Restaurant
50937	3961525.6648968537	26042	Fellini Ristorante	50.920958598595476	6.9179464899459555	Italian Restaurant
50937	3961525.6648968537	26042	Pablo	50.91945618690797	6.923461872393392	Tapas Restaurant
50937	3961525.6648968537	26042	Café Goldjunge	50.922662	6.922823	Café
50937	3961525.6648968537	26042	Ökmen Kebap	50.920448384731955	6.919711035080142	Turkish Restaurant
50937	3961525.6648968537	26042	Lieblings	50.922313	6.922319	Café
50937	3961525.6648968537	26042	Lidl	50.9219946	6.9214285	Supermarket
50937	3961525.6648968537	26042	Bellavista Trattoria	50.921228360560924	6.918538071519885	Trattoria/Osteria
50937	3961525.6648968537	26042	Tan Grill	50.9218652945651	6.920582572647057	Fast Food Restaurant
50937	3961525.6648968537	26042	Schmitz & Nittenwilm	50.919311	6.919794	Bakery
50937	3961525.6648968537	26042	Samowar	50.919977	6.920398	Breakfast Spot
50937	3961525.6648968537	26042	Trattoria Sale e Pepe	50.920943	6.918976	Trattoria/Osteria
50937	3961525.6648968537	26042	Pizzeria Portobello	50.919220323297125	6.921712457565351	Pizza Place
50937	3961525.6648968537	26042	GUTS & GLORY Boxclub	50.921366208255044	6.918315763844656	Boxing Gym
50937	3961525.6648968537	26042	Café Rubi	50.92025211921292	6.927358419694084	Café
50937	3961525.6648968537	26042	Burger Bud	50.9214902479481	6.928915863946069	Burger Joint
50937	3961525.6648968537	26042	Alex Pizza Bistro	50.92142490739851	6.929915584773659	Italian Restaurant
50937	3961525.6648968537	26042	Crossfit am Dom Sülz	50.9201553709799	6.931606103636572	Athletics & Sports
50937	3961525.6648968537	26042	Die Malve	50.918855	6.930687	Mediterranean Restaurant
50968	6479906.601782316	24413	Happy-Happi	50.90040245092085	6.950645233936033	Greek Restaurant
50968	6479906.601782316	24413	Wolff's Backstube	50.900432528158596	6.95090838502234	Bakery
50968	6479906.601782316	24413	Osteria da Paolo	50.89936156909706	6.965925072269644	Trattoria/Osteria
50968	6479906.601782316	24413	HIT Markt	50.898507631574766	6.965898818784211	Grocery Store
50968	6479906.601782316	24413	Zara	50.901783101405464	6.962945230365233	Clothing Store
50968	6479906.601782316	24413	Sawasdee Thai Massage	50.89814719346737	6.962487734780072	Massage Studio
50968	6479906.601782316	24413	Laufstrecke Kalscheuer Weiher	50.89831819908719	6.962703864389151	Track
50968	6479906.601782316	24413	eZ Systems	50.90100872308774	6.96488886515303	IT Services
50968	6479906.601782316	24413	Mare Atlantico	50.91135500876137	6.959895318321609	Deli / Bodega
50968	6479906.601782316	24413	Temma	50.911633244453874	6.963950247555786	Supermarket
50968	6479906.601782316	24413	REWE	50.91174592	6.96312829	Supermarket
50968	6479906.601782316	24413	Fitness First	50.90810365441439	6.963768303394318	Gym / Fitness Center
50968	6479906.601782316	24413	dm-drogerie markt	50.912007	6.964563	Drugstore
50968	6479906.601782316	24413	Estilo Argentino Köln Süd	50.91109346526815	6.9608362348877	Gourmet Shop
50968	6479906.601782316	24413	Asia Markt Wing On Hong	50.91085881911899	6.962384427407314	Supermarket
50968	6479906.601782316	24413	Sportcenter Bushido	50.91227561075312	6.9606704001947675	Athletics & Sports
50968	6479906.601782316	24413	dm-drogerie markt	50.91213883814473	6.964468294477456	Drugstore
50968	6479906.601782316	24413	Lidl	50.90952429195634	6.963965822942555	Supermarket
50968	6479906.601782316	24413	McFIT	50.91212710681669	6.962679326534271	Gym / Fitness Center
50968	6479906.601782316	24413	Oishi Sushi Club	50.9101178316555	6.962673092524046	Sushi Restaurant
50968	6479906.601782316	24413	Agora	50.911220683151306	6.9609652089491325	Mediterranean Restaurant
50968	6479906.601782316	24413	Delal (Bayenthaler Grill & Pizzeria)	50.91038622809357	6.962769790037341	Middle Eastern Restaurant
50968	6479906.601782316	24413	Atlantik Meer	50.91153282017116	6.96069320769952	Fish Market
50968	6479906.601782316	24413	Emma Deli-Kiosk	50.89821578850066	6.975757846804777	Deli / Bodega
50968	6479906.601782316	24413	Am Südpark	50.90012550306218	6.974682413870495	Park
50968	6479906.601782316	24413	Tess Lavish	50.8992483	6.9734189	Shopping Mall
50968	6479906.601782316	24413	Marienburg Südpark	50.89684906069377	6.972065017737391	Park
50968	6479906.601782316	24413	Eule	50.910150506724726	6.971441462770897	German Restaurant
50968	6479906.601782316	24413	Alnatura	50.9077713768115	6.971143705473452	Organic Grocery
50968	6479906.601782316	24413	Mauel 1883	50.90979206927678	6.969379678491038	Bakery
50968	6479906.601782316	24413	dm-drogerie markt	50.908042	6.971432	Drugstore
50968	6479906.601782316	24413	JP Cut & Color Haircompany	50.90907113621604	6.970464594709537	Cosmetics Shop
50968	6479906.601782316	24413	Rheinpromenade Bayenthal	50.91054245942779	6.974923610687256	Pedestrian Plaza
50968	6479906.601782316	24413	Feinkost Seemann	50.90893866865767	6.969906667089494	Deli / Bodega
50968	6479906.601782316	24413	PENNY	50.90812501	6.97114023	Supermarket
50968	6479906.601782316	24413	Bayenthal-Apotheke	50.9081799	6.970485300000001	Pharmacy
50968	6479906.601782316	24413	Schmitz & Nittenwilm	50.90799091605601	6.970364506710275	Bakery
50968	6479906.601782316	24413	Goltstein Fashionlounge GmbH	50.907801389694214	6.970851	Clothing Store
50968	6479906.601782316	24413	H Heinrich-Lübke-Ufer	50.899789066290985	6.984947423216656	Tram Station
50968	6479906.601782316	24413	Yachtschule Germania	50.901076349341544	6.983927771137875	Harbor / Marina
50968	6479906.601782316	24413	Rheinufer Köln-Marienburg	50.898212513236395	6.985248628172733	Pedestrian Plaza
50968	6479906.601782316	24413	Achterdeck im Marienburger Bootshaus	50.901523494781166	6.984762873062381	Café
50969	3950521.7941759913	19996	Tennisclub Buchholz	50.900707107544754	6.928550140878812	Tennis Court
50969	3950521.7941759913	19996	Tc Buchholz	50.900684	6.92849	Athletics & Sports
50969	3950521.7941759913	19996	Eiscafe Van Der Put	50.90114543558277	6.944274919045334	Ice Cream Shop
50969	3950521.7941759913	19996	H Zollstock Südfriedhof	50.900968242696216	6.944645422886964	Tram Station
50969	3950521.7941759913	19996	Op d'r Eck	50.900946667866954	6.944004267408332	Gastropub
50969	3950521.7941759913	19996	Schmitz & Nittenwilm	50.90096308353757	6.944740769379973	Bakery
50969	3950521.7941759913	19996	dm-drogerie markt	50.91222523938443	6.940628574170432	Drugstore
50969	3950521.7941759913	19996	Yummy Town	50.908752337636614	6.941282226188949	Chinese Restaurant
50969	3950521.7941759913	19996	Star Grill	50.911300013028345	6.941382146671602	Eastern European Restaurant
50969	3950521.7941759913	19996	Deutsche Bank	50.91196072711177	6.94097516141958	ATM
50969	3950521.7941759913	19996	Eiscafé Orchidea	50.9096528685195	6.9415515661239615	Ice Cream Shop
50969	3950521.7941759913	19996	Bäckerei Heinemann	50.91124047353491	6.9413960535377495	Bakery
50969	3950521.7941759913	19996	Fortuna Apotheke	50.91078987658694	6.941596567328704	Pharmacy
50969	3950521.7941759913	19996	H Gottesweg	50.9099685029628	6.941439894713037	Tram Station
50969	3950521.7941759913	19996	DEE NA Thai Massage & Wellness	50.910718346111345	6.941986083984375	Spa
50969	3950521.7941759913	19996	Olympia	50.91809308883234	6.941725802934902	Beer Garden
50969	3950521.7941759913	19996	Vorgebirgspark	50.910483	6.950602	Park
50969	3950521.7941759913	19996	Hundefreilauffläche 15 Vorgebirgspark Raderberg	50.91083	6.949158	Dog Run
50996	8701602.892801192	15002	Pflanzen Mohr	50.87762130651864	6.971732713700881	Flower Shop
50996	8701602.892801192	15002	Friedenswald	50.8775900056237	6.986271051408477	Park
50996	8701602.892801192	15002	Finkens Garten	50.88962011317437	6.984820482613018	Garden
50996	8701602.892801192	15002	Lidl	50.867638307672934	6.990616334737012	Supermarket
50996	8701602.892801192	15002	Heidecke Malerwerkstätten GmbH & Co. KG	50.866184	6.996247	Construction & Landscaping
50996	8701602.892801192	15002	RSV Rodenkirchen	50.87846619478004	6.996054452191386	Stables
50996	8701602.892801192	15002	Lidl	50.8868986	6.9944504	Supermarket
50996	8701602.892801192	15002	Jacques' Wein Depot	50.89091414977679	6.9915574485336185	Wine Shop
50996	8701602.892801192	15002	Baan Thai Spa Rodenkirchen	50.89076611858333	6.990821877978448	Spa
50996	8701602.892801192	15002	Rhodos Grill	50.88816102502257	7.000971377622086	Greek Restaurant
50996	8701602.892801192	15002	Bootshaus Rodenkirchen	50.888239	7.002187	Bar
50996	8701602.892801192	15002	Hotel Haus Berger	50.8910197096417	7.0233035616551	German Restaurant
50997	25613222.63408553	20728	Luxberry	50.85747553878188	6.922277212142944	Furniture / Home Store
50997	25613222.63408553	20728	Wohnwagenstrich Eifeltor	50.880658	6.920091	Spa
50997	25613222.63408553	20728	Burger King	50.88784610939263	6.924507153631457	Fast Food Restaurant
50997	25613222.63408553	20728	Autohof SVG	50.88779342186684	6.924624692882211	Rest Area
50997	25613222.63408553	20728	Umschlagbahnhof Köln-Eifeltor	50.888971	6.918615	Train Station
50997	25613222.63408553	20728	Schnitzel Haus	50.88826168023716	6.924704895608516	Comfort Food Restaurant
50997	25613222.63408553	20728	Altes Treppcheb	50.857209	6.928523	Brewery
50997	25613222.63408553	20728	Dom Spargel	50.86859692240031	6.930473669818384	Farmers Market
50997	25613222.63408553	20728	Fussballplatz SC Rondorf	50.869602	6.952894	Soccer Field
50997	25613222.63408553	20728	Hotel Hazienda	50.86867520656575	6.955479035381311	Hotel
50997	25613222.63408553	20728	SIGNAL IDUNA Rene Koura	50.858176	6.960535	Insurance Office
50997	25613222.63408553	20728	REWE City	50.88034529499981	6.9637719226010715	Supermarket
50997	25613222.63408553	20728	Rondorfer Grill	50.87911489691668	6.96333937623721	BBQ Joint
50997	25613222.63408553	20728	Green Dragon	50.879707	6.963666	Indian Chinese Restaurant
50997	25613222.63408553	20728	ML Gebäudereinigung	50.8799516	6.963641399999999	Business Service
50997	25613222.63408553	20728	Satt 1	50.847813324423264	6.975675891664063	Fast Food Restaurant
50997	25613222.63408553	20728	SUBWAY	50.85830856052971	6.972241401672363	Sandwich Place
50997	25613222.63408553	20728	Just Fit 10 Light	50.85935303	6.97133821	Gym / Fitness Center
50997	25613222.63408553	20728	METRO Cash & Carry	50.85720513	6.97059146	Big Box Store
50997	25613222.63408553	20728	Der Karnevalswierts	50.85889044942467	6.971111894801803	Toy / Game Store
50997	25613222.63408553	20728	BabyOne	50.85783919661795	6.972616440650489	Kids Store
50997	25613222.63408553	20728	EDEKA	50.856980932427575	6.97403839165774	Supermarket
50997	25613222.63408553	20728	Klein‘s Backstube	50.85869233029716	6.972940025087933	Bakery
50997	25613222.63408553	20728	ALDI SÜD	50.859048464517784	6.971132658247935	Supermarket
50997	25613222.63408553	20728	OBI	50.859090774721345	6.973027288913727	Hardware Store
50997	25613222.63408553	20728	Godorf Hafen	50.848477234381406	6.982682615777229	Harbor / Marina
50997	25613222.63408553	20728	Shoe 4 You	50.85924287923304	6.983823521165428	Shoe Store
50999	9754821.258223735	18839	wahrZeichen Marketing Netzwerk	50.856305	6.99954	Business Service
50999	9754821.258223735	18839	Netto Marken-Discount	50.85947693	7.00390417	Supermarket
50999	9754821.258223735	18839	Starbucks	50.868912995417375	7.006109329840089	Coffee Shop
50999	9754821.258223735	18839	Schmitz & Nittenwilm	50.8669114246307	7.006711005249782	Bakery
50999	9754821.258223735	18839	Taormina	50.865295	7.01258	Italian Restaurant
50999	9754821.258223735	18839	Bioladen Rabatula	50.877821	7.019791	Food & Drink Shop
50999	9754821.258223735	18839	TSV Weiss Fussballplatz	50.87560328892978	7.024402408250253	Soccer Field
50999	9754821.258223735	18839	Fenster Türen Gernert	50.87772	7.04055	Hardware Store
51061	16441400.415303975	30678	695	50.98596723219504	6.979789137840271	Harbor / Marina
51061	16441400.415303975	30678	Rheinsteg	50.985960960388184	6.979681849479675	Lake
51061	16441400.415303975	30678	Spielplatz Flittard	50.99572175799478	6.984132415013618	Playground
51061	16441400.415303975	30678	Kölner Brauhaustour	50.996423650821626	6.9843341410160065	Event Service
51061	16441400.415303975	30678	#freshbox@kantina	51.005642062163616	6.995962125068382	Snack Place
51061	16441400.415303975	30678	Paulinenhof	51.0073703527451	7.00266301631927	Restaurant
51061	16441400.415303975	30678	Golf Post@Golf Club Leverkusen e.V.	51.008030411222826	7.003569602966309	Golf Course
51061	16441400.415303975	30678	REWE	50.98275926	7.0248949	Supermarket
51061	16441400.415303975	30678	Wohnzeit Köln Appartement	50.98603	7.033453	Hotel
51061	16441400.415303975	30678	Gemütliche Grill-Ecke	50.986187	7.035153	BBQ Joint
51061	16441400.415303975	30678	PENNY	50.98218232	7.03475901	Supermarket
51061	16441400.415303975	30678	Bäckerei Nelles	50.982035	7.034922	Bakery
51061	16441400.415303975	30678	Eis Cafe de Biasi	50.981781	7.034366	Café
51063	6611787.829691788	33955	Bootshaus	50.9516527873369	6.982116552820897	Nightclub
51063	6611787.829691788	33955	Kölner Jugendpark	50.95354724648273	6.979708671569824	Recreation Center
51063	6611787.829691788	33955	Centro Hotel Arkadia	50.95110620732099	6.992913304952027	Hotel
51063	6611787.829691788	33955	Deutzer Zentrum Der Schönen Künste	50.95338738494806	6.9904854875141895	Art Gallery
51063	6611787.829691788	33955	Raum13	50.9534388318665	6.990187245349938	Theater
51063	6611787.829691788	33955	Prodomo Messehotel Köln	50.951807	6.989604	Hotel
51063	6611787.829691788	33955	Kun Yay Thai	50.963537739913924	7.001277483269152	Asian Restaurant
51063	6611787.829691788	33955	Café Jakubowski	50.964488375163	6.999727098651541	Café
51063	6611787.829691788	33955	Café Vreiheit	50.96413216403459	7.00107206784101	Café
51063	6611787.829691788	33955	YOOP	50.964230274051545	6.999691583222273	Ice Cream Shop
51063	6611787.829691788	33955	REWE	50.96266896	7.00360388	Supermarket
51063	6611787.829691788	33955	Buchheimer Grill	50.963281345699166	7.001892019359672	BBQ Joint
51063	6611787.829691788	33955	McFIT	50.97209345781916	7.00608417391777	Gym / Fitness Center
51063	6611787.829691788	33955	SSM - Sozialistische Selbsthilfe Mülheim e.V.	50.971891	7.002796	Thrift / Vintage Store
51063	6611787.829691788	33955	H Von-Lohe-Straße	50.97331929988372	7.006117016707203	Bus Stop
51063	6611787.829691788	33955	Schlackenbergwerft	50.975157444298986	7.000914052501185	Park
51063	6611787.829691788	33955	A.T.U	50.975669174732154	7.003828994154892	Automotive Shop
51063	6611787.829691788	33955	Lidl	50.9741986	7.0135318	Supermarket
51063	6611787.829691788	33955	Bruder Klaus Siedlung	50.98306635938242	7.012789632495996	Bus Stop
51063	6611787.829691788	33955	Rautenstrauch-Jost Museum	50.97416282707689	7.027137994927358	Museum
51063	6611787.829691788	33955	Fort XI	50.971764949290936	7.025949954986572	Historic Site
51065	2660634.6482679294	21400	S Köln-Buchforst	50.95356076374684	7.00425624847412	Light Rail Station
51065	2660634.6482679294	21400	Grill-Stübchen	50.95095296007369	7.004419711741391	German Restaurant
51065	2660634.6482679294	21400	H Buchforst Waldecker Straße	50.95112510255261	7.005292766999151	Tram Station
51065	2660634.6482679294	21400	köln dürümcü ali baba	50.950705	7.004983	Bistro
51065	2660634.6482679294	21400	Grill Stübchen	50.9518148	7.0155125599999995	German Restaurant
51065	2660634.6482679294	21400	Xtra Fit	50.95120931992732	7.014241656078507	Gym / Fitness Center
51065	2660634.6482679294	21400	H+U Buchheim Frankfurter Straße	50.95329915291125	7.014273235251702	Metro Station
51065	2660634.6482679294	21400	OBI	50.95048548486413	7.015564441680908	Hardware Store
51067	5696551.846998947	27232	Inci Fischrestaurant	50.96445440003316	7.02074110507965	Seafood Restaurant
51067	5696551.846998947	27232	stephan pick fotografie	50.961795	7.020089	Photography Studio
51067	5696551.846998947	27232	H Wichheimer Straße	50.961890511918945	7.031616207176488	Tram Station
51067	5696551.846998947	27232	Kreta Grill	50.97128690651959	7.033901979998495	BBQ Joint
51067	5696551.846998947	27232	Mythos	50.971175	7.034118	Diner
51067	5696551.846998947	27232	H Burgwiesenstraße	50.96400843280917	7.043244838714599	Bus Stop
51067	5696551.846998947	27232	partyschiff	50.97307937952628	7.045723503530318	Boat or Ferry
51067	5696551.846998947	27232	TERAS CAFE	50.97197	7.0453234	Breakfast Spot
51067	5696551.846998947	27232	Landen Gartenbau & Baumpflege	50.975109040646075	7.042418718338013	Construction & Landscaping
51067	5696551.846998947	27232	Blumen P. Maus	50.9736700975172	7.047214508056641	Flower Shop
51067	5696551.846998947	27232	AXA Kiosk	50.96215694734199	7.051624059677124	Convenience Store
51067	5696551.846998947	27232	REWE	50.97257891	7.05210671	Supermarket
51069	20444569.28732169	31587	scheuerhof	51.00506258498233	7.01444926495082	Stables
51069	20444569.28732169	31587	Mc Fit Köln Mülheim	51.005066249163285	7.023570702423841	Gym
51069	20444569.28732169	31587	Edeka	50.9965082	7.0362756	Supermarket
51069	20444569.28732169	31587	H Schlebusch	51.01858638815816	7.044509846585862	Tram Station
51069	20444569.28732169	31587	Naturschutzgebiet Am Hornpottweg	51.018212	7.041877	Nature Preserve
51069	20444569.28732169	31587	Dünnwalder Wildpark	50.99502672792829	7.055497169494629	Zoo Exhibit
51069	20444569.28732169	31587	H Dellbrück Mauspfad	50.9720652761319	7.065503601986914	Tram Station
51069	20444569.28732169	31587	Spielplatz Hyazinthenweg	50.9853000473231	7.06578746438026	Playground
51069	20444569.28732169	31587	Klaukien Bedachungen	50.984899	7.061701	Construction & Landscaping
51069	20444569.28732169	31587	Wildwechsel	50.99485	7.061018	German Restaurant
51069	20444569.28732169	31587	Wyvern Crafts	51.004150390625	7.06640100479126	Hobby Shop
51069	20444569.28732169	31587	çiğköftem	50.96397777185766	7.076139118475089	Turkish Restaurant
51069	20444569.28732169	31587	Brauhaus Dellbrück	50.97445758226144	7.075097024840241	German Restaurant
51069	20444569.28732169	31587	Sushi Haus	50.974224062122104	7.075023651123047	Sushi Restaurant
51069	20444569.28732169	31587	Cafe-Bistro Caprici	50.97491046124384	7.075127442403059	Café
51069	20444569.28732169	31587	Knippschild Werk 2	50.97559690475464	7.074750065803528	Pub
51069	20444569.28732169	31587	ALDI SÜD	50.971734901191034	7.073188555679446	Supermarket
51069	20444569.28732169	31587	Kamps	50.97568054488973	7.0734911717437745	Bakery
51069	20444569.28732169	31587	Elektro Monz GmbH Köln	50.982888851006976	7.075179663858421	Construction & Landscaping
51069	20444569.28732169	31587	Kletterhalle Dellbrück - Leskan14	50.98336505112389	7.073268642509372	Athletics & Sports
51069	20444569.28732169	31587	procube systementwicklung	50.971805485173284	7.0827269554138175	IT Services
51069	20444569.28732169	31587	Wald	50.97225386328169	7.096921431384963	Park
51103	5031875.792637079	36171	Odysseum	50.94152884328466	6.993656158447266	Science Museum
51103	5031875.792637079	36171	Mauel 1883	50.941226	6.994617	Bakery
51103	5031875.792637079	36171	Nobiko	50.93952569931165	7.003490656570648	Noodle House
51103	5031875.792637079	36171	Blauer König	50.9403559024376	7.006514668464661	Mediterranean Restaurant
51103	5031875.792637079	36171	Hot Falafel	50.94104	7.0016	Falafel Restaurant
51103	5031875.792637079	36171	Drake Records	50.94192034133129	7.0029030537973345	Record Shop
51103	5031875.792637079	36171	Lidl	50.939947	7.0137107	Supermarket
51103	5031875.792637079	36171	Sportplatz Kalk	50.943624	7.011884	Soccer Field
51103	5031875.792637079	36171	Fressnapf	50.93967736876838	7.0137221550831	Pet Store
51103	5031875.792637079	36171	Rangierbahnhof Köln-Kalk Nord	50.9401857	7.01623615	Train Station
51103	5031875.792637079	36171	EDEKA	50.940448	7.021321	Supermarket
51103	5031875.792637079	36171	H+U Fuldaer Straße	50.94145868761139	7.022455733205697	Metro Station
51103	5031875.792637079	36171	ProLog	50.940482	7.022018	Bookstore
51103	5031875.792637079	36171	Lambada	50.940204100295944	7.02560835146442	Convenience Store
51103	5031875.792637079	36171	PENNY	50.94055268	7.02071659	Supermarket
51105	7868900.6141585	27095	germania terasse	50.9112007624711	6.984470442716419	German Restaurant
51105	7868900.6141585	27095	Ruder- und Tennisclub Germania e.V.	50.91142732147717	6.984188336675173	Lake
51105	7868900.6141585	27095	Alt Poller Wirtshaus	50.91136361325152	6.9898936452991505	Beer Garden
51105	7868900.6141585	27095	l'ulivo	50.911469	6.990223	Italian Restaurant
51105	7868900.6141585	27095	Netto Marken-Discount City	50.93080341	6.99395781	Supermarket
51105	7868900.6141585	27095	IB-elektroniks e.K.	50.930607	6.994541	Electronics Store
51105	7868900.6141585	27095	Haus Taunus	50.931549	6.996379	Mediterranean Restaurant
51105	7868900.6141585	27095	Hotel Ars Vivendi	50.933501439249376	6.994350496833504	Hotel
51105	7868900.6141585	27095	Handelshof	50.92162265019344	7.000536629091465	Big Box Store
51105	7868900.6141585	27095	FLEXX Fitness & Kurse Köln-Poll	50.9201704	7.00017977	Gym / Fitness Center
51105	7868900.6141585	27095	Grill Restaurant	50.93041484242432	7.00038094555553	Greek Restaurant
51107	22532473.732880905	28375	AS Vingst	50.92042	7.0231695	Intersection
51107	22532473.732880905	28375	Seyfried Lotto Toto	50.931489646267806	7.021615628736539	Lottery Retailer
51107	22532473.732880905	28375	H+U Vingst	50.932805670879	7.021569340768161	Metro Station
51107	22532473.732880905	28375	ALDI SÜD	50.93227976551851	7.026546020248152	Supermarket
51107	22532473.732880905	28375	Krümelkiste	50.92956046192765	7.033470996368446	Child Care Service
51107	22532473.732880905	28375	bingo bongo	50.932316337386766	7.037597299806559	Dive Bar
51107	22532473.732880905	28375	REWE	50.93096894	7.04044429	Supermarket
51107	22532473.732880905	28375	Eis Cafe	50.929430777407156	7.041655960717187	Ice Cream Shop
51107	22532473.732880905	28375	Kısmet Grill	50.929966	7.040711	Doner Restaurant
51107	22532473.732880905	28375	H Ostheim	50.929122458154254	7.041806246087224	Tram Station
51107	22532473.732880905	28375	Engel-Apotheke	50.93364999999999	7.0426689	Pharmacy
51107	22532473.732880905	28375	Baggersee Brück	50.9307623752067	7.064547419215185	Lake
51107	22532473.732880905	28375	REWE	50.92135945568978	7.078684560316326	Supermarket
51107	22532473.732880905	28375	Running Trail	50.91930290752529	7.076494547575198	Track
51107	22532473.732880905	28375	My Greek	50.922187	7.085606	Greek Restaurant
51107	22532473.732880905	28375	Perino	50.92150310747268	7.082287600482814	Italian Restaurant
51107	22532473.732880905	28375	Haus Burger	50.921417	7.082105	German Restaurant
51107	22532473.732880905	28375	Gaststätte B. Burger	50.921435860746854	7.082022983083937	German Restaurant
51107	22532473.732880905	28375	Coco Pancho	50.920419	7.095207	Mexican Restaurant
51107	22532473.732880905	28375	Schmitzebud	50.92010578827319	7.0985604437417615	Fast Food Restaurant
51107	22532473.732880905	28375	H Königsforst	50.91991153744459	7.096503430979046	Tram Station
51107	22532473.732880905	28375	Chok Dee	50.92112126047394	7.0924146632641145	Thai Restaurant
51107	22532473.732880905	28375	ALDI SÜD	50.91855739786203	7.097626322166485	Supermarket
51107	22532473.732880905	28375	Kreuzung L 73 - L 358/Lützerathstraße	50.929683147618555	7.0929622650146475	Intersection
51107	22532473.732880905	28375	Königsforst	50.929115127501795	7.134590148925781	Forest
51109	12481315.098027838	28435	EDEKA	50.94314589	7.04579371	Supermarket
51109	12481315.098027838	28435	Lidl	50.942788	7.046967	Supermarket
51109	12481315.098027838	28435	ALDI SÜD	50.94241033694554	7.045825458919398	Supermarket
51109	12481315.098027838	28435	Clownerie	50.94251359593487	7.0419552035951405	German Restaurant
51109	12481315.098027838	28435	Aral	50.94285821	7.05105317	Gas Station
51109	12481315.098027838	28435	Kaufland	50.94198407924761	7.05045597098858	Big Box Store
51109	12481315.098027838	28435	DAS FUTTERHAUS	50.94307497473615	7.051752579289885	Pet Store
51109	12481315.098027838	28435	Eiscafe La Rosa	50.94308786719135	7.051083423167523	Ice Cream Shop
51109	12481315.098027838	28435	Kiosk Erdemir	50.94237548040259	7.058465140836359	Convenience Store
51109	12481315.098027838	28435	Alt Brücker Kiosk	50.95160484375782	7.0562401047897625	Convenience Store
51109	12481315.098027838	28435	AS Köln-Merheim (17)	50.95126594063386	7.057269439101219	Intersection
51109	12481315.098027838	28435	Bruecker Sportpark	50.942531266965815	7.075110744852282	Bed & Breakfast
51109	12481315.098027838	28435	Sportplatz S.C. Bruck	50.94253900168425	7.075185750886056	Soccer Field
51109	12481315.098027838	28435	Bäckerei Pelzer (Josef Pelzer)	50.94067711956693	7.072611141614767	Bakery
51109	12481315.098027838	28435	Spielplatz	50.9436	7.0773144	Playground
51109	12481315.098027838	28435	Kamps	50.94282887119801	7.0838206121812615	Bakery
51109	12481315.098027838	28435	Pferdehof Boskamp	50.95232974461457	7.094036175925402	Stables
51143	15255902.330099944	23123	Familien Zeltgemeinschaft 1961 eV	50.844669	6.993034	Campground
51143	15255902.330099944	23123	Strandbad Langel	50.84547974333099	6.992995309152775	German Restaurant
51143	15255902.330099944	23123	Langeler Lido	50.846222	6.995972	Soccer Field
51143	15255902.330099944	23123	Am Hähnchengrill	50.8460510693914	7.005480757599941	BBQ Joint
51143	15255902.330099944	23123	Zur Eule	50.84617454057116	7.004715278260453	Bar
51143	15255902.330099944	23123	Landhaus Zündorf	50.869607269534036	7.043106731107226	Food
51143	15255902.330099944	23123	EDEKA Hein	50.86656075	7.04252539	Supermarket
51143	15255902.330099944	23123	REWE	50.867927	7.044881	Supermarket
51143	15255902.330099944	23123	Groov Terrasse	50.86986503608848	7.043399421581851	German Restaurant
51143	15255902.330099944	23123	Geli's Eiscafe	50.86924512141146	7.042557625411026	Ice Cream Shop
51143	15255902.330099944	23123	Pastis Bacchus	50.869426	7.042578	French Restaurant
51143	15255902.330099944	23123	Minigolfanlage Porz-Zündorf	50.86910565582539	7.041835642794062	Mini Golf
51143	15255902.330099944	23123	FC Germania Zündorf	50.86761730644919	7.057445184550949	Soccer Field
51143	15255902.330099944	23123	Casona Argentina	50.88878797660759	7.053918700761475	Steakhouse
51145	6696264.554327429	25894	Gasthaus Kranz	50.89108770829696	7.0658503017347725	German Restaurant
51145	6696264.554327429	25894	Stadion Brucknerstraße	50.87776170508112	7.074388169727235	Soccer Stadium
51145	6696264.554327429	25894	Glas und Gebäudereinigung TYBURSKI	50.88876	7.07465	Business Service
51145	6696264.554327429	25894	Bettwäsche Finder	50.89033812871033	7.071547508239745	Fabric Shop
51145	6696264.554327429	25894	Lidl	50.90006078103003	7.075923532247543	Supermarket
51145	6696264.554327429	25894	Bautrend GmbH  Parkett & Fußbodentechnik - Vinylböden	50.8698092	7.083164000000011	Construction & Landscaping
51145	6696264.554327429	25894	Netto Filiale	50.87607245	7.0862956	Supermarket
51145	6696264.554327429	25894	Schatzinsel	50.876669147508764	7.088111708576667	Gift Shop
51147	31946280.60020071	22992	Eltzhof das KulturGut	50.85652817261953	7.083766815387209	Event Space
51147	31946280.60020071	22992	EDEKA Hein	50.85644291	7.08134808	Supermarket
51147	31946280.60020071	22992	Schloß Wahn	50.85821605296108	7.08373259771939	Palace
51147	31946280.60020071	22992	Hotel Geisler	50.85597725748013	7.087272831115296	Hotel
51147	31946280.60020071	22992	Alte Apotheke	50.85745	7.086669	Pharmacy
51147	31946280.60020071	22992	Möbel Boss	50.848560471985756	7.095910240259167	Furniture / Home Store
51147	31946280.60020071	22992	Porta	50.847671647361096	7.09595824934551	Furniture / Home Store
51147	31946280.60020071	22992	Lidl	50.85777556377118	7.09161391851012	Supermarket
51147	31946280.60020071	22992	airparks parking	50.85779166974647	7.0945553974358395	Parking
51147	31946280.60020071	22992	FLEXX Fitness	50.857346859298836	7.094550132751465	Gym / Fitness Center
51147	31946280.60020071	22992	SSZ Wahn	50.85887213127459	7.096459993510155	Golf Course
51147	31946280.60020071	22992	Jaumanns Hotel	50.859004	7.10666	Hotel
51147	31946280.60020071	22992	Antica Roma	50.859080998851674	7.106031117398955	Italian Restaurant
51147	31946280.60020071	22992	La Fonte	50.85898580301632	7.10665762424469	Italian Restaurant
51147	31946280.60020071	22992	Karsten Hotel	50.85842824447618	7.103026970531524	Hotel
51147	31946280.60020071	22992	Am Flughafen Hotel Cologne	50.8589983	7.107548	Hotel
51147	31946280.60020071	22992	Gyros-Palast	50.85906047710607	7.107827631435672	Greek Restaurant
51147	31946280.60020071	22992	Art of Comfort Hotel Haus Ingeborg	50.870005065090794	7.1068193325986195	Hotel
51147	31946280.60020071	22992	Beauty Skin Cologne	50.87686330907827	7.104723751544952	Health & Beauty Service
51147	31946280.60020071	22992	Kiosk Waldstraße	50.880134	7.10604	Convenience Store
51147	31946280.60020071	22992	Bogenflüsterer e.V.	50.87677046957221	7.108907195979262	Athletics & Sports
51147	31946280.60020071	22992	Airport Hotel by The New Yorker Cologne	50.87979020927809	7.105542244300432	Hotel
51147	31946280.60020071	22992	Scheuermühlenteich	50.85684111205976	7.118001984713072	Lake
51147	31946280.60020071	22992	Ringeltaube	50.879342	7.112667	Gourmet Shop
51147	31946280.60020071	22992	Gleis 1/2	50.87918520702218	7.119280150003563	Platform
51147	31946280.60020071	22992	BACC General Aviation Terminal	50.87578971157126	7.115413839931511	Airport Terminal
51147	31946280.60020071	22992	Lufthansa Ringeltaube	50.87949751326358	7.112434849083752	Accessories Store
51147	31946280.60020071	22992	Runway 14R/32L	50.86680724089362	7.12660789489746	Airport Service
51147	31946280.60020071	22992	Besucherterrasse | Observation Deck	50.878712572295505	7.122747635542462	Scenic Lookout
51147	31946280.60020071	22992	Lufthansa Senator Lounge	50.87903733078401	7.123673454884034	Airport Lounge
51147	31946280.60020071	22992	Haribo Shop	50.87851125967418	7.122378803898397	Candy Store
51147	31946280.60020071	22992	Lufthansa Business Lounge	50.8790552997525	7.1237140013797235	Airport Lounge
51147	31946280.60020071	22992	Rendezvous Pianobar	50.87885573451161	7.122146209406001	Piano Bar
51147	31946280.60020071	22992	Kirschner buy & fly	50.878677861614314	7.122289303707658	Bookstore
51147	31946280.60020071	22992	Napapijri	50.878181535682046	7.123410701751709	Clothing Store
51147	31946280.60020071	22992	Gate B72	50.87799198684776	7.123260498046875	Airport Terminal
51147	31946280.60020071	22992	Travel Bar	50.877147813377626	7.123014891520885	Café
51147	31946280.60020071	22992	B_BAR	50.877203	7.122627	Snack Place
51147	31946280.60020071	22992	Ständige Vertretung	50.8787858907026	7.122230690594703	Gastropub
51147	31946280.60020071	22992	Aviator Apotheke	50.879035850019214	7.122249029390618	Pharmacy
51147	31946280.60020071	22992	Enterprise Rent-A-Car - Flughafen Köln-Bonn	50.867440564800525	7.133216750638761	Rental Car Location
51149	15273051.634180669	21575	Kraftraum Mudra Kaserne	50.90859724875053	7.014849831522607	Gym / Fitness Center
51149	15273051.634180669	21575	Hotel Ambiente Köln	50.898447	7.022858	Hotel
51149	15273051.634180669	21575	Gastwerk im Engelshof	50.90016396864551	7.020864486694335	German Restaurant
51149	15273051.634180669	21575	H Westhoven Berliner Straße	50.90148097003327	7.025081306892855	Tram Station
51149	15273051.634180669	21575	Shell	50.89780858	7.0361186	Gas Station
51149	15273051.634180669	21575	H Gilgaustraße	50.89951089838884	7.031638757851626	Tram Station
51149	15273051.634180669	21575	Bäckerei Hardt	50.89903735049552	7.030225396156311	Bakery
51149	15273051.634180669	21575	Baggerloch Gremberghoven	50.91192660267815	7.036036793793686	Lake
51149	15273051.634180669	21575	Klostergaerten	50.89767432328325	7.044970039440709	Flower Shop
51149	15273051.634180669	21575	Klostergärtnerei Köln	50.89777823	7.04506092	Garden
51149	15273051.634180669	21575	S Köln Airport-Businesspark	50.91033849768098	7.04461544752121	Light Rail Station
51149	15273051.634180669	21575	Kölschtreff	50.899415093058884	7.055283742011859	Pub
51149	15273051.634180669	21575	Rangierbahnhof Köln-Gremberg	50.89996006641399	7.052128645935205	Train Station
51149	15273051.634180669	21575	Ektra Tank Gremberghoven	50.91111461220584	7.052944385208508	Gas Station
51149	15273051.634180669	21575	Cologne Truck Wash	50.90864781274581	7.054290252875802	Laundromat
51149	15273051.634180669	21575	SIXT Autovermietung Köln	50.90995729317734	7.053370177745819	Rental Car Location
51149	15273051.634180669	21575	Fitnessland The Health & Lifestyleclub	50.909413025806636	7.057639660132586	Athletics & Sports
51149	15273051.634180669	21575	L&D Kantine Postbank	50.911973	7.05252	Food
51149	15273051.634180669	21575	McDonald's	50.911703284565824	7.053369589547637	Fast Food Restaurant
51149	15273051.634180669	21575	Kaiserpalast	50.89751945556199	7.0664084463232655	Asian Restaurant
51149	15273051.634180669	21575	Kaiser Palast	50.8973597451612	7.066217134354864	Chinese Restaurant
51149	15273051.634180669	21575	H Theodor-Heuss-Straße	50.896990927982614	7.065132118510588	Bus Stop
